company,ticker,country,sasb_sector,sasb_industry,financial,fiscal_year,report_type,environmental_score,social_score,governance_score,composite_score,e_density,s_density,g_density,general_esg_density,banking_addon_density,banking_addon_score,words_analysed,total_words,share_of_text_analysed,data_quality_flag
Abdullah Al Othaim Markets,4001,Saudi Arabia,Food & Beverage,Food Retailers & Distributors,No,2020,annual,1.13,0.35,8.87,3.45,0.0000,0.0000,11.0320,0.0000,,,6436,15229,0.4226,
Abdullah Al Othaim Markets,4001,Saudi Arabia,Food & Beverage,Food Retailers & Distributors,No,2021,annual,1.13,7.40,8.89,5.81,0.0000,1.1170,11.0790,0.0000,,,11192,17209,0.6504,
Abdullah Al Othaim Markets,4001,Saudi Arabia,Food & Beverage,Food Retailers & Distributors,No,2022,annual,4.99,8.59,9.07,7.55,0.3630,1.4530,11.8270,0.9690,,,12387,19305,0.6416,
Abdullah Al Othaim Markets,4001,Saudi Arabia,Food & Beverage,Food Retailers & Distributors,No,2023,annual,6.14,9.33,9.36,8.28,0.5680,1.8950,12.6930,0.7580,,,13196,21600,0.6109,
Abdullah Al Othaim Markets,4001,Saudi Arabia,Food & Beverage,Food Retailers & Distributors,No,2024,annual,7.22,8.66,9.33,8.41,0.8560,1.4620,12.6600,1.6400,,,14021,25221,0.5559,
Abdullah Al Othaim Markets,4001,Saudi Arabia,Food & Beverage,Food Retailers & Distributors,No,2025,annual,7.92,9.97,9.31,9.07,1.1460,3.5920,12.5110,2.3540,,,16146,24209,0.6669,
Abu Dhabi Commercial Bank,ADCB,United Arab Emirates,Financials,Commercial Banks,Yes,2020,annual,2.60,3.55,4.04,3.39,0.0790,0.4470,6.8700,0.5790,0.3550,3.92,37994,98465,0.3859,
Abu Dhabi Commercial Bank,ADCB,United Arab Emirates,Financials,Commercial Banks,Yes,2021,annual,4.16,3.03,3.26,3.49,0.2310,0.3690,6.2400,2.0290,0.2610,3.12,32534,92890,0.3502,
Abu Dhabi Commercial Bank,ADCB,United Arab Emirates,Financials,Commercial Banks,Yes,2022,annual,8.89,2.03,6.43,5.78,1.6580,0.2350,8.1660,3.7120,0.5440,5.04,40411,98427,0.4106,
Abu Dhabi Commercial Bank,ADCB,United Arab Emirates,Financials,Commercial Banks,Yes,2023,annual,9.56,2.31,5.89,5.92,2.5720,0.2820,7.9160,3.4490,1.3920,8.40,49581,110078,0.4504,
Abu Dhabi Commercial Bank,ADCB,United Arab Emirates,Financials,Commercial Banks,Yes,2024,annual,8.41,3.78,5.86,6.02,1.3880,0.4990,7.9120,3.9020,1.0070,7.20,55106,126004,0.4373,
Abu Dhabi Commercial Bank,ADCB,United Arab Emirates,Financials,Commercial Banks,Yes,2025,annual,6.53,3.80,7.53,5.96,0.6530,0.4990,9.4700,2.9660,0.9470,7.04,68113,129909,0.5243,
Abu Dhabi National Energy Company,TAQA,United Arab Emirates,Infrastructure,Electric Utilities & Power Generators,No,2020,annual,6.48,1.77,1.41,3.22,0.6380,0.2130,3.6570,0.2550,,,11758,49249,0.2387,
Abu Dhabi National Energy Company,TAQA,United Arab Emirates,Infrastructure,Electric Utilities & Power Generators,No,2021,annual,9.13,2.88,0.69,4.23,1.9500,0.3360,2.1850,1.6130,,,14875,52758,0.2819,
Abu Dhabi National Energy Company,TAQA,United Arab Emirates,Infrastructure,Electric Utilities & Power Generators,No,2022,annual,9.64,5.60,1.31,5.52,2.6440,0.7710,3.5260,4.6280,,,18151,57994,0.3130,
Abu Dhabi National Energy Company,TAQA,United Arab Emirates,Infrastructure,Electric Utilities & Power Generators,No,2023,annual,9.85,5.68,1.49,5.67,3.5790,0.7810,3.7530,4.7720,,,23050,65744,0.3506,
Abu Dhabi National Energy Company,TAQA,United Arab Emirates,Infrastructure,Electric Utilities & Power Generators,No,2024,annual,9.92,9.31,4.09,7.77,3.7490,1.8930,6.8750,3.9110,,,40146,105694,0.3798,
Abu Dhabi National Energy Company,TAQA,United Arab Emirates,Infrastructure,Electric Utilities & Power Generators,No,2025,annual,9.77,9.07,3.75,7.53,2.9290,1.6710,6.5750,4.1660,,,46083,119153,0.3868,
Abu Dhabi National Oil Company For Distribution,ADNOCDIST.AE,United Arab Emirates,Extractives & Minerals Processing,Oil & Gas – Refining & Marketing,No,2020,annual,3.98,6.25,1.75,3.99,0.2130,0.8820,4.1350,0.6690,,,16445,37903,0.4339,
Abu Dhabi National Oil Company For Distribution,ADNOCDIST.AE,United Arab Emirates,Extractives & Minerals Processing,Oil & Gas – Refining & Marketing,No,2021,annual,7.35,3.11,1.90,4.12,0.9120,0.3830,4.3850,2.1780,,,16990,38683,0.4392,
Abu Dhabi National Oil Company For Distribution,ADNOCDIST.AE,United Arab Emirates,Extractives & Minerals Processing,Oil & Gas – Refining & Marketing,No,2022,annual,8.84,5.86,2.83,5.84,1.6300,0.7900,5.8330,2.9040,,,19631,40706,0.4823,
Abu Dhabi National Oil Company For Distribution,ADNOCDIST.AE,United Arab Emirates,Extractives & Minerals Processing,Oil & Gas – Refining & Marketing,No,2023,annual,8.07,6.89,3.57,6.18,1.2520,0.9970,6.4890,3.3370,,,21574,48813,0.4420,
Abu Dhabi National Oil Company For Distribution,ADNOCDIST.AE,United Arab Emirates,Extractives & Minerals Processing,Oil & Gas – Refining & Marketing,No,2024,annual,8.46,7.81,4.55,6.94,1.4040,1.2350,7.2740,5.3790,,,29559,58952,0.5014,
Abu Dhabi National Oil Company For Distribution,ADNOCDIST.AE,United Arab Emirates,Extractives & Minerals Processing,Oil & Gas – Refining & Marketing,No,2025,annual,9.90,9.41,3.32,7.54,3.6290,2.0150,6.2870,4.3840,,,53599,93637,0.5724,
Advanced Petrochemical,2330.SR,Saudi Arabia,Resource Transformation,Chemicals,No,2020,annual,4.65,1.72,4.81,3.73,0.2980,0.1990,7.3500,0.0000,,,5034,11038,0.4561,
Advanced Petrochemical,2330.SR,Saudi Arabia,Resource Transformation,Chemicals,No,2021,annual,8.66,7.79,6.25,7.57,1.5860,1.2280,8.0850,1.7400,,,9771,13833,0.7064,
Advanced Petrochemical,2330.SR,Saudi Arabia,Resource Transformation,Chemicals,No,2022,annual,4.22,8.05,0.00,4.09,0.2380,1.2680,0.3170,0.0000,,,6307,21343,0.2955,
Advanced Petrochemical,2330.SR,Saudi Arabia,Resource Transformation,Chemicals,No,2023,annual,7.61,9.25,6.22,7.70,1.0300,1.8550,8.0780,2.3080,,,12132,16094,0.7538,
Advanced Petrochemical,2330.SR,Saudi Arabia,Resource Transformation,Chemicals,No,2024,annual,8.15,9.56,5.60,7.77,1.2660,2.0830,7.7610,2.2060,,,12240,16377,0.7474,
Advanced Petrochemical,2330.SR,Saudi Arabia,Resource Transformation,Chemicals,No,2025,annual,6.40,7.97,6.32,6.90,0.6330,1.2660,8.1480,2.3640,,,11844,17128,0.6915,
Air Arabia PJSC,AIRA,United Arab Emirates,Transportation,Airlines,No,2020,annual,1.13,1.70,5.94,2.92,0.0000,0.1890,7.9520,0.1890,,,5282,7227,0.7309,
Air Arabia PJSC,AIRA,United Arab Emirates,Transportation,Airlines,No,2021,annual,9.15,1.16,3.78,4.70,1.9550,0.1180,6.6360,3.0810,,,8439,10650,0.7924,
Air Arabia PJSC,AIRA,United Arab Emirates,Transportation,Airlines,No,2022,annual,9.72,5.94,4.22,6.62,2.7730,0.8220,6.9840,4.2110,,,9737,12753,0.7635,
Air Arabia PJSC,AIRA,United Arab Emirates,Transportation,Airlines,No,2023,annual,1.13,1.34,0.80,1.09,0.0000,0.1480,2.3740,0.8900,,,6739,31329,0.2151,
Air Arabia PJSC,AIRA,United Arab Emirates,Transportation,Airlines,No,2024,annual,1.13,2.65,0.72,1.50,0.0000,0.3140,2.1980,0.0000,,,6369,34113,0.1867,
Air Arabia PJSC,AIRA,United Arab Emirates,Transportation,Airlines,No,2025,annual,1.13,0.35,0.41,0.63,0.0000,0.0000,1.5940,0.2450,,,8155,31070,0.2625,
Al Rajhi Bank,1120.SR,Saudi Arabia,Financials,Commercial Banks,Yes,2020,annual,4.32,4.65,3.60,4.19,0.2480,0.6130,6.4970,1.7480,0.8220,6.24,38328,79028,0.4850,
Al Rajhi Bank,1120.SR,Saudi Arabia,Financials,Commercial Banks,Yes,2021,annual,6.89,7.30,1.88,5.36,0.7570,1.1030,4.3740,1.7450,0.4230,4.32,38979,89613,0.4350,
Al Rajhi Bank,1120.SR,Saudi Arabia,Financials,Commercial Banks,Yes,2022,annual,7.07,6.53,2.42,5.34,0.8050,0.9180,5.2440,2.6910,0.5660,5.20,39763,94516,0.4207,
Al Rajhi Bank,1120.SR,Saudi Arabia,Financials,Commercial Banks,Yes,2023,annual,7.40,6.86,3.73,6.00,0.9680,0.9880,6.5510,2.5400,0.6050,5.36,49610,105467,0.4704,
Al Rajhi Bank,1120.SR,Saudi Arabia,Financials,Commercial Banks,Yes,2024,annual,7.71,7.33,3.01,6.02,1.0470,1.1060,5.9710,2.1790,1.3170,8.00,59205,133899,0.4422,
Al Rajhi Bank,1120.SR,Saudi Arabia,Financials,Commercial Banks,Yes,2025,annual,6.84,7.28,5.78,6.63,0.7540,1.0920,7.8540,2.2920,1.7850,9.36,64996,134665,0.4826,
Aldar Properties PJSC,ALDAR,United Arab Emirates,Infrastructure,Real Estate,No,2020,annual,3.93,6.84,0.28,3.68,0.2050,0.9850,1.4780,5.9930,,,12181,79416,0.1534,
Aldar Properties PJSC,ALDAR,United Arab Emirates,Infrastructure,Real Estate,No,2021,annual,7.51,3.19,4.68,5.12,1.0030,0.3940,7.3100,4.0850,,,27908,88058,0.3169,
Aldar Properties PJSC,ALDAR,United Arab Emirates,Infrastructure,Real Estate,No,2022,annual,8.38,5.30,3.98,5.89,1.3780,0.7150,6.8390,2.9600,,,29389,111758,0.2630,
Aldar Properties PJSC,ALDAR,United Arab Emirates,Infrastructure,Real Estate,No,2023,annual,9.07,3.62,0.51,4.40,1.9410,0.4570,1.8270,2.6260,,,17517,113561,0.1543,
Aldar Properties PJSC,ALDAR,United Arab Emirates,Infrastructure,Real Estate,No,2024,annual,9.38,4.83,1.57,5.26,2.1400,0.6360,3.9400,5.8050,,,23602,153277,0.1540,
Aldar Properties PJSC,ALDAR,United Arab Emirates,Infrastructure,Real Estate,No,2025,annual,9.28,6.35,0.44,5.36,2.0380,0.8890,1.6680,3.3350,,,26986,156774,0.1721,
Alinma Bank,1150.SR,Saudi Arabia,Financials,Commercial Banks,Yes,2020,annual,1.13,5.17,8.10,4.80,0.0000,0.6840,10.0980,0.0800,0.1210,2.08,12428,43203,0.2877,
Alinma Bank,1150.SR,Saudi Arabia,Financials,Commercial Banks,Yes,2021,annual,2.31,3.93,2.44,2.90,0.0480,0.5020,5.2620,1.3870,0.1440,2.24,20905,61473,0.3401,
Alinma Bank,1150.SR,Saudi Arabia,Financials,Commercial Banks,Yes,2022,annual,1.13,5.09,2.88,3.03,0.0000,0.6640,5.8420,1.0240,0.1140,1.92,26361,67668,0.3896,
Alinma Bank,1150.SR,Saudi Arabia,Financials,Commercial Banks,Yes,2023,annual,7.15,5.55,6.68,6.46,0.8410,0.7660,8.4850,3.4010,0.7850,5.84,26754,70844,0.3776,
Alinma Bank,1150.SR,Saudi Arabia,Financials,Commercial Banks,Yes,2024,annual,5.04,7.74,6.48,6.42,0.3640,1.2090,8.2120,3.7860,1.2520,7.92,34340,81984,0.4189,
Alinma Bank,1150.SR,Saudi Arabia,Financials,Commercial Banks,Yes,2025,annual,5.22,5.48,6.20,5.63,0.3910,0.7590,8.0730,3.0590,1.3730,8.24,44780,100307,0.4464,
Almarai,2280.SR,Saudi Arabia,Food & Beverage,"Meat, Poultry & Dairy",No,2020,annual,3.62,9.15,6.56,6.44,0.1830,1.6920,8.3230,0.7770,,,21868,53554,0.4083,
Almarai,2280.SR,Saudi Arabia,Food & Beverage,"Meat, Poultry & Dairy",No,2021,annual,3.44,7.69,5.48,5.54,0.1730,1.1910,7.7100,0.9530,,,23087,54167,0.4262,
Almarai,2280.SR,Saudi Arabia,Food & Beverage,"Meat, Poultry & Dairy",No,2022,annual,4.83,8.53,4.24,5.87,0.3500,1.4460,7.0530,1.0080,,,22826,57061,0.4000,
Almarai,2280.SR,Saudi Arabia,Food & Beverage,"Meat, Poultry & Dairy",No,2023,annual,4.76,7.10,4.29,5.38,0.3300,1.0280,7.0970,1.2410,,,25785,55932,0.4610,
Almarai,2280.SR,Saudi Arabia,Food & Beverage,"Meat, Poultry & Dairy",No,2024,annual,6.30,9.36,3.96,6.54,0.6000,1.9420,6.8140,2.2240,,,28324,58655,0.4829,
Almarai,2280.SR,Saudi Arabia,Food & Beverage,"Meat, Poultry & Dairy",No,2025,annual,9.25,10.00,2.24,7.16,2.0300,4.3730,4.9410,2.3850,,,35216,74226,0.4744,
Aluminium Bahrain (Alba),ALBH.BH,Bahrain,Resource Transformation,Metals & Mining,No,2020,annual,7.76,4.01,1.95,4.58,1.0790,0.5160,4.4580,1.4080,,,10655,35940,0.2965,
Aluminium Bahrain (Alba),ALBH.BH,Bahrain,Resource Transformation,Metals & Mining,No,2021,annual,8.53,2.34,3.34,4.74,1.5040,0.2850,6.3020,2.2770,,,12298,45135,0.2725,
Aluminium Bahrain (Alba),ALBH.BH,Bahrain,Resource Transformation,Metals & Mining,No,2022,annual,9.33,3.32,2.96,5.20,2.0990,0.4200,5.9160,4.3510,,,13099,43331,0.3023,
Aluminium Bahrain (Alba),ALBH.BH,Bahrain,Resource Transformation,Metals & Mining,No,2023,annual,9.61,4.78,7.79,7.39,2.6300,0.6260,9.7270,2.9220,,,11977,41795,0.2866,
Aluminium Bahrain (Alba),ALBH.BH,Bahrain,Resource Transformation,Metals & Mining,No,2024,annual,9.79,6.66,8.25,8.23,3.0600,0.9500,10.2340,4.8530,,,9478,39520,0.2398,
Aluminium Bahrain (Alba),ALBH.BH,Bahrain,Resource Transformation,Metals & Mining,No,2025,annual,7.84,8.48,9.20,8.51,1.1430,1.4280,12.2820,4.2130,,,14004,44799,0.3126,
Bahrain Telecommunications BEYON,BEYON.BH,Bahrain,Technology & Communications,Telecommunication Services,No,2020,annual,5.58,5.99,2.75,4.77,0.4510,0.8330,5.5550,1.8750,,,14401,42770,0.3367,
Bahrain Telecommunications BEYON,BEYON.BH,Bahrain,Technology & Communications,Telecommunication Services,No,2021,annual,4.40,0.35,2.57,2.44,0.2700,0.0000,5.4450,1.4400,,,11112,37129,0.2993,
Bahrain Telecommunications BEYON,BEYON.BH,Bahrain,Technology & Communications,Telecommunication Services,No,2022,annual,6.25,0.82,3.93,3.67,0.5960,0.0750,6.7850,1.6400,,,13412,38474,0.3486,
Bahrain Telecommunications BEYON,BEYON.BH,Bahrain,Technology & Communications,Telecommunication Services,No,2023,annual,6.32,1.75,3.19,3.75,0.6040,0.2010,6.1720,1.2080,,,14906,41444,0.3597,
Bahrain Telecommunications BEYON,BEYON.BH,Bahrain,Technology & Communications,Telecommunication Services,No,2024,annual,5.24,4.09,4.73,4.69,0.3940,0.5260,7.3240,3.4820,,,15223,41908,0.3632,
Bahrain Telecommunications BEYON,BEYON.BH,Bahrain,Technology & Communications,Telecommunication Services,No,2025,annual,6.58,2.80,5.73,5.04,0.6920,0.3300,7.8420,2.6360,,,15174,42583,0.3563,
Baladna,BLDN.QA,Qatar,Food & Beverage,"Meat, Poultry & Dairy",No,2020,annual,2.54,7.35,8.97,6.29,0.0740,1.1140,11.3890,1.1880,,,20195,42523,0.4749,
Baladna,BLDN.QA,Qatar,Food & Beverage,"Meat, Poultry & Dairy",No,2021,annual,5.78,8.82,7.58,7.39,0.4840,1.5370,9.5160,1.4320,,,23749,47501,0.5000,
Baladna,BLDN.QA,Qatar,Food & Beverage,"Meat, Poultry & Dairy",No,2022,annual,6.61,9.20,8.74,8.18,0.6950,1.7480,10.7830,1.9380,,,23740,49131,0.4832,
Baladna,BLDN.QA,Qatar,Food & Beverage,"Meat, Poultry & Dairy",No,2023,annual,6.35,9.87,7.22,7.81,0.6070,2.6570,9.2320,2.3080,,,32929,59814,0.5505,
Baladna,BLDN.QA,Qatar,Food & Beverage,"Meat, Poultry & Dairy",No,2024,annual,4.19,9.77,7.07,7.01,0.2340,2.3110,9.1060,1.7880,,,36349,61706,0.5891,
Baladna,BLDN.QA,Qatar,Food & Beverage,"Meat, Poultry & Dairy",No,2025,annual,5.53,8.95,6.38,6.95,0.4460,1.5920,8.1520,2.7260,,,39252,71770,0.5469,
Bank Albilad,1140.SR,Saudi Arabia,Financials,Commercial Banks,Yes,2020,annual,3.60,5.66,8.41,5.89,0.1820,0.7750,10.3880,0.7290,0.3420,3.68,21948,54542,0.4024,
Bank Albilad,1140.SR,Saudi Arabia,Financials,Commercial Banks,Yes,2021,annual,1.13,4.45,6.84,4.14,0.0000,0.5850,8.5780,0.9460,0.1350,2.16,22209,32127,0.6913,
Bank Albilad,1140.SR,Saudi Arabia,Financials,Commercial Banks,Yes,2022,annual,1.13,2.24,8.20,3.86,0.0000,0.2730,10.2280,0.8750,0.2460,2.80,18284,30707,0.5954,
Bank Albilad,1140.SR,Saudi Arabia,Financials,Commercial Banks,Yes,2023,annual,4.09,4.06,7.04,5.06,0.2180,0.5220,8.9830,2.0010,0.0650,1.76,22987,58183,0.3951,
Bank Albilad,1140.SR,Saudi Arabia,Financials,Commercial Banks,Yes,2024,annual,5.96,6.30,2.39,4.88,0.5330,0.8890,5.2430,1.4220,0.8000,6.00,5627,37497,0.1501,
Bank Albilad,1140.SR,Saudi Arabia,Financials,Commercial Banks,Yes,2025,annual,3.19,6.81,8.79,6.26,0.1450,0.9700,10.8820,2.0650,0.9290,6.88,24215,64374,0.3762,
Bank Dhofar,BKDB,Oman,Financials,Commercial Banks,Yes,2020,annual,1.13,1.13,3.62,1.96,0.0000,0.1170,6.5120,0.2330,0.3500,3.76,25722,99368,0.2589,
Bank Dhofar,BKDB,Oman,Financials,Commercial Banks,Yes,2021,annual,3.14,1.44,3.83,2.80,0.1360,0.1590,6.6520,0.2270,0.3410,3.60,22025,103260,0.2133,
Bank Dhofar,BKDB,Oman,Financials,Commercial Banks,Yes,2022,annual,1.13,1.08,2.80,1.67,0.0000,0.1070,5.7680,0.2140,0.3860,4.08,23319,101782,0.2291,
Bank Dhofar,BKDB,Oman,Financials,Commercial Banks,Yes,2023,annual,2.34,2.67,4.27,3.09,0.0490,0.3190,7.0750,0.1470,0.5160,4.96,20352,94760,0.2148,
Bank Dhofar,BKDB,Oman,Financials,Commercial Banks,Yes,2024,annual,1.13,2.70,3.24,2.36,0.0000,0.3220,6.2340,0.6060,0.1710,2.40,26387,99828,0.2643,
Bank Dhofar,BKDB,Oman,Financials,Commercial Banks,Yes,2025,annual,4.37,2.98,5.45,4.27,0.2690,0.3580,7.6830,1.6580,0.2690,3.20,22322,97009,0.2301,
Bank Muscat BKMB,BKMB,Oman,Financials,Commercial Banks,Yes,2020,annual,2.93,2.26,5.40,3.53,0.1190,0.2780,7.6690,1.2710,1.5890,8.88,37751,100722,0.3748,
Bank Muscat BKMB,BKMB,Oman,Financials,Commercial Banks,Yes,2021,annual,2.29,2.21,5.01,3.17,0.0260,0.2730,7.4590,1.2500,1.4060,8.56,38410,94879,0.4048,
Bank Muscat BKMB,BKMB,Oman,Financials,Commercial Banks,Yes,2022,annual,2.90,1.90,4.37,3.06,0.1180,0.2240,7.1280,1.0780,1.3410,8.08,38021,94170,0.4037,
Bank Muscat BKMB,BKMB,Oman,Financials,Commercial Banks,Yes,2023,annual,2.70,1.57,5.24,3.17,0.0970,0.1700,7.5480,1.0230,1.6070,8.96,41073,100208,0.4099,
Bank Muscat BKMB,BKMB,Oman,Financials,Commercial Banks,Yes,2024,annual,2.57,2.93,5.09,3.53,0.0750,0.3400,7.4690,1.0810,1.6980,9.12,39763,94753,0.4196,
Bank Muscat BKMB,BKMB,Oman,Financials,Commercial Banks,Yes,2025,annual,2.75,2.72,4.78,3.42,0.0990,0.3230,7.3420,1.1680,1.7890,9.44,40246,95131,0.4231,
Barwa Real Estate,BRES.QA,Qatar,Infrastructure,Real Estate,No,2020,annual,1.13,2.85,4.63,2.87,0.0000,0.3300,7.3020,0.4950,,,24241,57984,0.4181,
Barwa Real Estate,BRES.QA,Qatar,Infrastructure,Real Estate,No,2021,annual,1.13,2.96,4.83,2.97,0.0000,0.3400,7.3540,0.5530,,,23525,57590,0.4085,
Barwa Real Estate,BRES.QA,Qatar,Infrastructure,Real Estate,No,2022,annual,1.13,2.13,5.14,2.80,0.0000,0.2600,7.4890,0.3900,,,23100,55454,0.4166,
Barwa Real Estate,BRES.QA,Qatar,Infrastructure,Real Estate,No,2023,annual,1.13,1.80,4.45,2.46,0.0000,0.2130,7.1600,0.5110,,,23464,54262,0.4324,
Barwa Real Estate,BRES.QA,Qatar,Infrastructure,Real Estate,No,2024,annual,1.13,3.39,4.19,2.90,0.0000,0.4250,6.9700,0.4670,,,23531,55653,0.4228,
Barwa Real Estate,BRES.QA,Qatar,Infrastructure,Real Estate,No,2025,annual,2.39,3.65,7.40,4.48,0.0570,0.4580,9.3200,0.7260,,,26180,56592,0.4626,
Boubyan Bank,BOUBYAN.KW,Kuwait,Financials,Commercial Banks,Yes,2020,annual,1.13,1.39,6.66,3.06,0.0000,0.1520,8.4020,0.0610,0.5460,5.12,16484,44758,0.3683,
Boubyan Bank,BOUBYAN.KW,Kuwait,Financials,Commercial Banks,Yes,2021,annual,1.13,1.88,7.51,3.50,0.0000,0.2230,9.4510,1.3940,0.3350,3.44,17935,45547,0.3938,
Boubyan Bank,BOUBYAN.KW,Kuwait,Financials,Commercial Banks,Yes,2022,annual,5.12,1.83,8.48,5.14,0.3780,0.2160,10.4930,2.4820,0.4860,4.80,18537,50739,0.3653,
Boubyan Bank,BOUBYAN.KW,Kuwait,Financials,Commercial Banks,Yes,2023,annual,5.19,2.11,8.17,5.16,0.3890,0.2430,10.1930,2.6760,0.6570,5.44,20554,52557,0.3911,
Boubyan Bank,BOUBYAN.KW,Kuwait,Financials,Commercial Banks,Yes,2024,annual,1.13,1.29,7.48,3.30,0.0000,0.1400,9.4360,2.1490,0.4900,4.88,21408,51559,0.4152,
Boubyan Bank,BOUBYAN.KW,Kuwait,Financials,Commercial Banks,Yes,2025,annual,4.68,0.98,7.66,4.44,0.3050,0.1020,9.6150,1.3230,0.4580,4.72,19656,50956,0.3857,
Dar Al Arkan Real Estate Development Company,4300.SR,Saudi Arabia,Infrastructure,Home Builders,No,2020,annual,1.13,2.78,5.19,3.03,0.0000,0.3230,7.5200,0.8090,,,12367,34951,0.3538,
Dar Al Arkan Real Estate Development Company,4300.SR,Saudi Arabia,Infrastructure,Home Builders,No,2021,annual,5.27,4.96,3.16,4.46,0.4060,0.6490,6.1670,1.5420,,,12323,35756,0.3446,
Dar Al Arkan Real Estate Development Company,4300.SR,Saudi Arabia,Infrastructure,Home Builders,No,2022,annual,8.25,8.38,2.78,6.47,1.2840,1.4090,5.6990,2.5050,,,15969,40865,0.3908,
Dar Al Arkan Real Estate Development Company,4300.SR,Saudi Arabia,Infrastructure,Home Builders,No,2023,annual,8.61,9.79,3.29,7.23,1.5680,2.3230,6.2730,2.4970,,,17218,41668,0.4132,
Dar Al Arkan Real Estate Development Company,4300.SR,Saudi Arabia,Infrastructure,Home Builders,No,2024,annual,8.33,7.63,4.40,6.79,1.3130,1.1790,7.1290,2.5190,,,18657,44878,0.4157,
Dar Al Arkan Real Estate Development Company,4300.SR,Saudi Arabia,Infrastructure,Home Builders,No,2025,annual,7.58,9.46,5.17,7.40,1.0230,2.0460,7.5020,5.4940,,,26392,53367,0.4945,
Dubai Investments PJSC,DIC,United Arab Emirates,Infrastructure,Real Estate,Yes,2020,annual,1.13,0.35,2.01,1.16,0.0000,0.0000,4.6090,0.0000,0.0000,0.84,8028,30397,0.2641,
Dubai Investments PJSC,DIC,United Arab Emirates,Infrastructure,Real Estate,Yes,2021,annual,1.13,0.35,4.60,2.03,0.0000,0.0000,7.2910,0.0000,0.0000,0.84,5075,41530,0.1222,
Dubai Investments PJSC,DIC,United Arab Emirates,Infrastructure,Real Estate,Yes,2022,annual,1.13,0.35,5.32,2.27,0.0000,0.0000,7.5990,0.0000,0.0000,0.84,5132,42108,0.1219,
Dubai Investments PJSC,DIC,United Arab Emirates,Infrastructure,Real Estate,Yes,2023,annual,1.13,0.35,2.19,1.22,0.0000,0.0000,4.8820,0.0000,0.0000,0.84,7784,49898,0.1560,
Dubai Investments PJSC,DIC,United Arab Emirates,Infrastructure,Real Estate,Yes,2024,annual,1.13,0.35,1.80,1.09,0.0000,0.0000,4.1920,0.0000,0.0000,0.84,7633,47647,0.1602,
Dubai Investments PJSC,DIC,United Arab Emirates,Infrastructure,Real Estate,Yes,2025,annual,1.13,0.35,1.44,0.97,0.0000,0.0000,3.6750,0.0000,0.0000,0.84,7346,48962,0.1500,
Dubai Islamic Bank,DIB,United Arab Emirates,Financials,Commercial Banks,Yes,2020,annual,1.13,4.24,0.82,2.07,0.0000,0.5390,2.4250,0.0000,0.0000,0.84,11136,37208,0.2993,
Dubai Islamic Bank,DIB,United Arab Emirates,Financials,Commercial Banks,Yes,2021,annual,1.13,7.15,0.54,2.94,0.0000,1.0460,1.8460,0.1230,0.0000,0.84,16248,59997,0.2708,
Dubai Islamic Bank,DIB,United Arab Emirates,Financials,Commercial Banks,Yes,2022,annual,1.13,7.89,0.64,3.22,0.0000,1.2470,2.0580,0.0620,0.1870,2.48,16036,67232,0.2385,
Dubai Islamic Bank,DIB,United Arab Emirates,Financials,Commercial Banks,Yes,2023,annual,1.13,6.56,0.36,2.68,0.0000,0.9250,1.5410,0.3700,0.0000,0.84,16222,75850,0.2139,
Dubai Islamic Bank,DIB,United Arab Emirates,Financials,Commercial Banks,Yes,2024,annual,7.10,4.47,4.96,5.51,0.8240,0.5870,7.3920,4.1360,0.9220,6.80,35783,78890,0.4536,
Dubai Islamic Bank,DIB,United Arab Emirates,Financials,Commercial Banks,Yes,2025,annual,6.71,3.50,7.17,5.79,0.7060,0.4410,9.1470,3.3770,1.0580,7.36,39686,80206,0.4948,
Emaar Properties,EMAAR,United Arab Emirates,Infrastructure,Home Builders,No,2020,annual,1.13,0.95,0.03,0.70,0.0000,0.1000,0.7320,0.0000,,,15028,16751,0.8971,
Emaar Properties,EMAAR,United Arab Emirates,Infrastructure,Home Builders,No,2021,annual,8.74,8.28,2.65,6.56,1.5920,1.3750,5.4650,2.7140,,,27630,71389,0.3870,
Emaar Properties,EMAAR,United Arab Emirates,Infrastructure,Home Builders,No,2022,annual,9.54,8.79,1.54,6.62,2.3820,1.5350,3.9400,2.7030,,,21828,65967,0.3309,
Emaar Properties,EMAAR,United Arab Emirates,Infrastructure,Home Builders,No,2023,annual,9.74,8.35,2.31,6.80,2.9260,1.4000,5.0630,4.3090,,,27851,70828,0.3932,
Emaar Properties,EMAAR,United Arab Emirates,Infrastructure,Home Builders,No,2024,annual,9.95,9.69,4.14,7.93,4.0020,2.1880,6.9000,6.8290,,,28114,75154,0.3741,
Emaar Properties,EMAAR,United Arab Emirates,Infrastructure,Home Builders,No,2025,annual,9.87,9.95,3.86,7.89,3.6080,3.2750,6.6610,5.4400,,,36030,86175,0.4181,
Emirates NBD PJSC,NBD,United Arab Emirates,Financials,Commercial Banks,Yes,2020,annual,1.13,3.70,1.72,2.19,0.0000,0.4690,4.1020,0.0780,0.3520,3.84,12798,16217,0.7892,
Emirates NBD PJSC,NBD,United Arab Emirates,Financials,Commercial Banks,Yes,2021,annual,5.55,4.55,1.18,3.76,0.4500,0.6010,3.1910,1.2010,0.3380,3.52,13319,17005,0.7832,
Emirates NBD PJSC,NBD,United Arab Emirates,Financials,Commercial Banks,Yes,2022,annual,3.73,4.37,1.26,3.12,0.1910,0.5720,3.5100,1.4500,0.1140,2.00,13107,16270,0.8056,
Emirates NBD PJSC,NBD,United Arab Emirates,Financials,Commercial Banks,Yes,2023,annual,7.48,3.52,5.53,5.51,0.9930,0.4430,7.7160,3.5750,0.8100,6.16,32726,77713,0.4211,
Emirates NBD PJSC,NBD,United Arab Emirates,Financials,Commercial Banks,Yes,2024,annual,8.05,4.29,6.40,6.25,1.2360,0.5550,8.1590,3.6320,1.4000,8.48,39648,85833,0.4619,
Emirates NBD PJSC,NBD,United Arab Emirates,Financials,Commercial Banks,Yes,2025,annual,6.94,4.40,8.64,6.66,0.7630,0.5780,10.6650,3.6900,1.5130,8.72,40648,89271,0.4553,
Emirates Telecom (Etisalat Group),EAND.AE,United Arab Emirates,Technology & Communications,Telecommunication Services,No,2020,annual,3.21,4.11,0.87,2.73,0.1460,0.5260,2.6750,0.2340,,,34208,70562,0.4848,
Emirates Telecom (Etisalat Group),EAND.AE,United Arab Emirates,Technology & Communications,Telecommunication Services,No,2021,annual,3.86,3.88,1.47,3.07,0.2000,0.5000,3.7500,0.7000,,,30003,67953,0.4415,
Emirates Telecom (Etisalat Group),EAND.AE,United Arab Emirates,Technology & Communications,Telecommunication Services,No,2022,annual,8.71,3.68,2.03,4.81,1.5890,0.4610,4.6530,1.3360,,,21707,58522,0.3709,
Emirates Telecom (Etisalat Group),EAND.AE,United Arab Emirates,Technology & Communications,Telecommunication Services,No,2023,annual,9.20,8.17,3.55,6.98,2.0040,1.3360,6.4830,4.5160,,,53139,96389,0.5513,
Emirates Telecom (Etisalat Group),EAND.AE,United Arab Emirates,Technology & Communications,Telecommunication Services,No,2024,annual,8.92,9.10,3.42,7.15,1.6890,1.6820,6.3330,4.1650,,,63631,113245,0.5619,
Emirates Telecom (Etisalat Group),EAND.AE,United Arab Emirates,Technology & Communications,Telecommunication Services,No,2025,annual,7.94,7.04,6.58,7.19,1.1680,1.0220,8.3240,3.2130,,,61630,109411,0.5633,
Etihad Etisalat (Mobily),7020.SR,Saudi Arabia,Technology & Communications,Telecommunication Services,No,2020,annual,2.65,5.32,3.68,3.88,0.0900,0.7210,6.5140,0.3160,,,22184,48984,0.4529,
Etihad Etisalat (Mobily),7020.SR,Saudi Arabia,Technology & Communications,Telecommunication Services,No,2021,annual,4.60,6.20,7.30,6.03,0.2900,0.8700,9.2510,2.0950,,,31023,60069,0.5165,
Etihad Etisalat (Mobily),7020.SR,Saudi Arabia,Technology & Communications,Telecommunication Services,No,2022,annual,6.63,7.22,3.39,5.75,0.6960,1.0860,6.3120,2.2730,,,29470,61379,0.4801,
Etihad Etisalat (Mobily),7020.SR,Saudi Arabia,Technology & Communications,Telecommunication Services,No,2023,annual,5.01,5.76,3.14,4.64,0.3630,0.7850,6.0890,2.2960,,,34407,77791,0.4423,
Etihad Etisalat (Mobily),7020.SR,Saudi Arabia,Technology & Communications,Telecommunication Services,No,2024,annual,5.06,7.20,3.65,5.30,0.3740,1.0740,6.5130,2.4980,,,42837,79036,0.5420,
Etihad Etisalat (Mobily),7020.SR,Saudi Arabia,Technology & Communications,Telecommunication Services,No,2025,annual,7.38,7.56,5.84,6.92,0.9200,1.1500,7.9080,2.2340,,,45651,82560,0.5529,
First Abu Dhabi Bank,FAB.AE,United Arab Emirates,Financials,Commercial Banks,Yes,2020,annual,6.04,3.16,8.84,6.02,0.5510,0.3890,10.9790,2.0730,0.1940,2.56,15438,70734,0.2183,
First Abu Dhabi Bank,FAB.AE,United Arab Emirates,Financials,Commercial Banks,Yes,2021,annual,6.09,3.57,7.71,5.79,0.5640,0.4510,9.6580,2.4830,0.7740,5.76,31010,38528,0.8049,
First Abu Dhabi Bank,FAB.AE,United Arab Emirates,Financials,Commercial Banks,Yes,2022,annual,8.35,6.40,4.47,6.41,1.3210,0.8900,7.1710,3.8820,0.8090,6.08,37095,45295,0.8190,
First Abu Dhabi Bank,FAB.AE,United Arab Emirates,Financials,Commercial Banks,Yes,2023,annual,10.00,4.60,6.17,6.92,4.1930,0.6080,8.0590,5.3440,1.3690,8.16,23017,79002,0.2913,
First Abu Dhabi Bank,FAB.AE,United Arab Emirates,Financials,Commercial Banks,Yes,2024,annual,9.69,5.45,5.27,6.80,2.7530,0.7590,7.5630,5.1710,1.3890,8.32,38871,97344,0.3993,
First Abu Dhabi Bank,FAB.AE,United Arab Emirates,Financials,Commercial Banks,Yes,2025,annual,9.02,6.76,4.58,6.79,1.7960,0.9690,7.2750,5.0610,1.5610,8.80,49003,105731,0.4635,
Gulf Hotels Group,GHG.BH,Bahrain,Services,Hotels & Lodging,No,2020,annual,1.13,0.35,0.15,0.54,0.0000,0.0000,1.1740,0.0000,,,852,17436,0.0489,
Gulf Hotels Group,GHG.BH,Bahrain,Services,Hotels & Lodging,No,2021,annual,1.13,3.21,0.39,1.58,0.0000,0.3960,1.5820,0.0000,,,2528,19606,0.1289,
Gulf Hotels Group,GHG.BH,Bahrain,Services,Hotels & Lodging,No,2022,annual,1.13,3.44,0.49,1.69,0.0000,0.4360,1.7430,0.0000,,,2295,19211,0.1195,
Gulf Hotels Group,GHG.BH,Bahrain,Services,Hotels & Lodging,No,2023,annual,1.13,2.47,0.05,1.22,0.0000,0.3000,0.9010,0.9010,,,3330,26920,0.1237,
Gulf Hotels Group,GHG.BH,Bahrain,Services,Hotels & Lodging,No,2024,annual,8.12,8.71,4.94,7.26,1.2590,1.4760,7.3810,2.4310,,,11516,34579,0.3330,
Gulf Hotels Group,GHG.BH,Bahrain,Services,Hotels & Lodging,No,2025,annual,6.68,7.12,2.62,5.48,0.7000,1.0320,5.4550,1.6950,,,13566,37036,0.3663,
Gulf International Services,GISS,Qatar,Extractives & Minerals Processing,Oil & Gas – Services,No,2020,annual,3.11,1.21,0.10,1.47,0.1310,0.1310,0.9160,0.1310,,,7645,27143,0.2817,
Gulf International Services,GISS,Qatar,Extractives & Minerals Processing,Oil & Gas – Services,No,2021,annual,3.50,1.62,0.13,1.75,0.1770,0.1770,1.0590,0.1770,,,5665,26328,0.2152,
Gulf International Services,GISS,Qatar,Extractives & Minerals Processing,Oil & Gas – Services,No,2022,annual,2.62,2.60,7.35,4.19,0.0890,0.3100,9.2600,0.0890,,,11285,29905,0.3774,
Gulf International Services,GISS,Qatar,Extractives & Minerals Processing,Oil & Gas – Services,No,2023,annual,3.26,1.36,0.08,1.57,0.1510,0.1510,0.9030,0.1510,,,6643,31748,0.2092,
Gulf International Services,GISS,Qatar,Extractives & Minerals Processing,Oil & Gas – Services,No,2024,annual,3.34,4.42,0.18,2.65,0.1660,0.5800,1.2420,0.4970,,,6039,31976,0.1889,
Gulf International Services,GISS,Qatar,Extractives & Minerals Processing,Oil & Gas – Services,No,2025,annual,3.03,7.87,0.23,3.71,0.1250,1.2460,1.3090,0.7480,,,8023,34794,0.2306,
Industries Qatar,IQCD.QA,Qatar,Resource Transformation,Chemicals,No,2020,annual,3.39,1.54,0.33,1.76,0.1680,0.1680,1.5120,0.1680,,,5953,27923,0.2132,
Industries Qatar,IQCD.QA,Qatar,Resource Transformation,Chemicals,No,2021,annual,2.85,5.12,6.94,4.97,0.1120,0.6720,8.8490,0.1120,,,8928,27005,0.3306,
Industries Qatar,IQCD.QA,Qatar,Resource Transformation,Chemicals,No,2022,annual,4.34,1.00,5.96,3.77,0.2570,0.1030,7.9540,0.1030,,,9744,29917,0.3257,
Industries Qatar,IQCD.QA,Qatar,Resource Transformation,Chemicals,No,2023,annual,3.47,6.68,0.31,3.49,0.1740,0.9570,1.4790,0.3480,,,5748,30251,0.1900,
Industries Qatar,IQCD.QA,Qatar,Resource Transformation,Chemicals,No,2024,annual,6.22,7.61,0.85,4.89,0.5840,1.1680,2.5540,0.5840,,,6851,32830,0.2087,
Industries Qatar,IQCD.QA,Qatar,Resource Transformation,Chemicals,No,2025,annual,3.16,8.25,0.26,3.89,0.1370,1.3670,1.4350,1.0930,,,7316,33826,0.2163,
Jarir Marketing Co,4190,Saudi Arabia,Consumer Goods,Multiline and Specialty Retailers & Distributors,No,2020,annual,1.13,9.82,1.29,4.08,0.0000,2.4140,3.5250,1.6860,,,13051,20755,0.6288,
Jarir Marketing Co,4190,Saudi Arabia,Consumer Goods,Multiline and Specialty Retailers & Distributors,No,2021,annual,1.13,9.92,1.93,4.33,0.0000,2.9140,4.4500,1.8900,,,12696,19715,0.6440,
Jarir Marketing Co,4190,Saudi Arabia,Consumer Goods,Multiline and Specialty Retailers & Distributors,No,2022,annual,1.13,9.90,2.34,4.46,0.0000,2.6880,5.1810,2.1820,,,12835,20159,0.6367,
Jarir Marketing Co,4190,Saudi Arabia,Consumer Goods,Multiline and Specialty Retailers & Distributors,No,2023,annual,3.37,9.54,1.70,4.87,0.1660,2.0780,4.0730,1.9950,,,12031,19049,0.6316,
Jarir Marketing Co,4190,Saudi Arabia,Consumer Goods,Multiline and Specialty Retailers & Distributors,No,2024,annual,3.96,8.97,2.60,5.18,0.2070,1.6080,5.4470,2.9050,,,9639,17241,0.5591,
Jarir Marketing Co,4190,Saudi Arabia,Consumer Goods,Multiline and Specialty Retailers & Distributors,No,2025,annual,3.52,8.89,3.80,5.41,0.1790,1.5700,6.6390,2.5120,,,11147,17157,0.6497,
Jazeera Airways,JAZEERA.KW,Kuwait,Transportation,Airlines,No,2020,annual,1.13,0.90,9.05,3.69,0.0000,0.0830,11.7710,0.0830,,,12064,34010,0.3547,
Jazeera Airways,JAZEERA.KW,Kuwait,Transportation,Airlines,No,2021,annual,5.86,0.35,9.46,5.22,0.5110,0.0000,12.8130,0.0930,,,10770,30855,0.3491,
Jazeera Airways,JAZEERA.KW,Kuwait,Transportation,Airlines,No,2022,annual,1.13,0.35,9.85,3.77,0.0000,0.0000,18.5890,0.1370,,,7316,26321,0.2780,
Jazeera Airways,JAZEERA.KW,Kuwait,Transportation,Airlines,No,2023,annual,7.89,5.50,9.41,7.60,1.1440,0.7630,12.7790,2.0030,,,10486,29348,0.3573,
Jazeera Airways,JAZEERA.KW,Kuwait,Transportation,Airlines,No,2024,annual,1.13,1.23,9.74,4.04,0.0000,0.1340,15.8690,0.4030,,,7436,25277,0.2942,
Jazeera Airways,JAZEERA.KW,Kuwait,Transportation,Airlines,No,2025,annual,1.13,0.35,9.82,3.77,0.0000,0.0000,16.3830,0.0000,,,7630,24878,0.3067,
Jazeera Steel,ATMI,Oman,Resource Transformation,Iron & Steel Producers,No,2020,annual,1.13,6.02,5.50,4.22,0.0000,0.8340,7.7150,0.0000,,,4796,18971,0.2528,
Jazeera Steel,ATMI,Oman,Resource Transformation,Iron & Steel Producers,No,2021,annual,1.13,9.38,4.11,4.88,0.0000,1.9660,6.8820,0.0000,,,5086,18906,0.2690,
Jazeera Steel,ATMI,Oman,Resource Transformation,Iron & Steel Producers,No,2022,annual,1.13,8.64,5.12,4.96,0.0000,1.4550,7.4810,0.0000,,,4812,18982,0.2535,
Jazeera Steel,ATMI,Oman,Resource Transformation,Iron & Steel Producers,No,2023,annual,3.88,9.18,5.63,6.23,0.2050,1.7400,7.7790,0.4090,,,4885,26438,0.1848,
Jazeera Steel,ATMI,Oman,Resource Transformation,Iron & Steel Producers,No,2024,annual,3.57,6.92,6.63,5.71,0.1810,0.9970,8.3410,0.5440,,,5515,26348,0.2093,
Jazeera Steel,ATMI,Oman,Resource Transformation,Iron & Steel Producers,No,2025,annual,5.73,8.20,5.76,6.56,0.4780,1.3390,7.8420,0.5740,,,5228,28432,0.1839,
Kuwait Finance House,KFH.KW,Kuwait,Financials,Commercial Banks,Yes,2020,annual,2.37,1.59,7.81,3.92,0.0520,0.1740,9.7330,0.0350,0.2090,2.64,28664,64538,0.4441,
Kuwait Finance House,KFH.KW,Kuwait,Financials,Commercial Banks,Yes,2021,annual,2.88,2.19,8.38,4.48,0.1150,0.2680,10.3490,0.9180,0.2300,2.72,26138,61363,0.4260,
Kuwait Finance House,KFH.KW,Kuwait,Financials,Commercial Banks,Yes,2022,annual,4.70,2.54,7.92,5.06,0.3080,0.3080,9.9280,1.5380,0.2560,2.88,29261,68340,0.4282,
Kuwait Finance House,KFH.KW,Kuwait,Financials,Commercial Banks,Yes,2023,annual,4.11,2.06,7.84,4.67,0.2180,0.2360,9.8350,1.4150,0.3270,3.36,27555,41338,0.6666,
Kuwait Finance House,KFH.KW,Kuwait,Financials,Commercial Banks,Yes,2024,annual,3.83,3.08,8.23,5.05,0.1980,0.3800,10.2280,1.9170,0.2970,3.28,30259,66170,0.4573,
Kuwait Finance House,KFH.KW,Kuwait,Financials,Commercial Banks,Yes,2025,annual,4.06,2.52,6.99,4.52,0.2170,0.3040,8.9130,1.6780,0.2600,3.04,34555,74289,0.4651,
Kuwait Telecommunications Company,STC.KW,Kuwait,Technology & Communications,Telecommunication Services,No,2020,annual,2.52,0.77,3.06,2.12,0.0720,0.0720,5.9900,0.4330,,,13856,38472,0.3602,
Kuwait Telecommunications Company,STC.KW,Kuwait,Technology & Communications,Telecommunication Services,No,2021,annual,2.42,2.39,4.65,3.15,0.0580,0.2880,7.3090,0.3450,,,17377,42933,0.4047,
Kuwait Telecommunications Company,STC.KW,Kuwait,Technology & Communications,Telecommunication Services,No,2022,annual,4.42,1.93,8.12,4.82,0.2700,0.2250,10.1420,1.8030,,,22184,43127,0.5144,
Kuwait Telecommunications Company,STC.KW,Kuwait,Technology & Communications,Telecommunication Services,No,2023,annual,5.09,1.67,6.92,4.56,0.3760,0.1880,8.7080,3.2860,,,21303,51086,0.4170,
Kuwait Telecommunications Company,STC.KW,Kuwait,Technology & Communications,Telecommunication Services,No,2024,annual,7.69,4.88,7.87,6.81,1.0460,0.6440,9.8560,4.7070,,,24859,50951,0.4879,
Kuwait Telecommunications Company,STC.KW,Kuwait,Technology & Communications,Telecommunication Services,No,2025,annual,5.42,4.76,5.71,5.30,0.4280,0.6230,7.8270,3.9330,,,25680,52150,0.4924,
Maaden,1211.SR,Saudi Arabia,Resource Transformation,Metals & Mining,No,2020,annual,5.45,8.30,0.59,4.78,0.4310,1.3780,1.9230,1.2050,,,17421,67423,0.2584,
Maaden,1211.SR,Saudi Arabia,Resource Transformation,Metals & Mining,No,2021,annual,6.66,7.66,0.62,4.98,0.6980,1.1860,1.9890,1.8150,,,14329,65028,0.2204,
Maaden,1211.SR,Saudi Arabia,Resource Transformation,Metals & Mining,No,2022,annual,9.41,9.00,0.67,6.36,2.1470,1.6190,2.0760,2.8160,,,14207,19975,0.7112,
Maaden,1211.SR,Saudi Arabia,Resource Transformation,Metals & Mining,No,2023,annual,8.17,7.92,2.08,6.06,1.2770,1.2510,4.7420,3.2830,,,19189,82358,0.2330,
Maaden,1211.SR,Saudi Arabia,Resource Transformation,Metals & Mining,No,2024,annual,8.10,8.84,2.70,6.55,1.2550,1.5400,5.4930,3.8780,,,26305,83134,0.3164,
Maaden,1211.SR,Saudi Arabia,Resource Transformation,Metals & Mining,No,2025,annual,9.51,9.85,2.85,7.40,2.3180,2.4550,5.8410,2.9280,,,32784,89510,0.3663,
Mobile Telecommunications Co. Saudi Arabia (Zain),7030,Saudi Arabia,Technology & Communications,Telecommunication Services,No,2020,annual,2.47,4.86,3.08,3.47,0.0640,0.6380,6.0330,1.2130,,,15664,42854,0.3655,
Mobile Telecommunications Co. Saudi Arabia (Zain),7030,Saudi Arabia,Technology & Communications,Telecommunication Services,No,2021,annual,2.49,5.63,3.44,3.86,0.0640,0.7730,6.3440,1.2240,,,15526,41374,0.3753,
Mobile Telecommunications Co. Saudi Arabia (Zain),7030,Saudi Arabia,Technology & Communications,Telecommunication Services,No,2022,annual,4.58,6.71,6.50,5.93,0.2890,0.9630,8.2150,1.4760,,,15581,42614,0.3656,
Mobile Telecommunications Co. Saudi Arabia (Zain),7030,Saudi Arabia,Technology & Communications,Telecommunication Services,No,2023,annual,7.63,6.43,6.07,6.71,1.0340,0.8990,8.0240,2.1130,,,22246,27608,0.8058,
Mobile Telecommunications Co. Saudi Arabia (Zain),7030,Saudi Arabia,Technology & Communications,Telecommunication Services,No,2024,annual,6.07,8.07,4.70,6.28,0.5630,1.3020,7.3200,2.7800,,,28416,60013,0.4735,
Mobile Telecommunications Co. Saudi Arabia (Zain),7030,Saudi Arabia,Technology & Communications,Telecommunication Services,No,2025,annual,7.43,7.48,6.74,7.22,0.9870,1.1280,8.5380,1.6290,,,31918,65577,0.4867,
Mouwasat Medical Services Company,4002.SR,Saudi Arabia,Health Care,Health Care Delivery,No,2020,annual,1.13,1.31,9.77,4.07,0.0000,0.1450,16.0960,0.0000,,,6896,13375,0.5156,
Mouwasat Medical Services Company,4002.SR,Saudi Arabia,Health Care,Health Care Delivery,No,2021,annual,1.13,0.35,5.04,2.17,0.0000,0.0000,7.4630,0.0000,,,2680,8589,0.3120,
Mouwasat Medical Services Company,4002.SR,Saudi Arabia,Health Care,Health Care Delivery,No,2022,annual,4.01,3.42,9.54,5.66,0.2150,0.4300,12.8940,0.1070,,,9307,16150,0.5763,
Mouwasat Medical Services Company,4002.SR,Saudi Arabia,Health Care,Health Care Delivery,No,2023,annual,1.13,5.40,5.55,4.03,0.0000,0.7480,7.7180,0.0000,,,16715,45675,0.3660,
Mouwasat Medical Services Company,4002.SR,Saudi Arabia,Health Care,Health Care Delivery,No,2024,annual,4.04,8.92,2.16,5.04,0.2160,1.5900,4.8500,2.1550,,,18558,52053,0.3565,
Mouwasat Medical Services Company,4002.SR,Saudi Arabia,Health Care,Health Care Delivery,No,2025,annual,4.27,8.61,0.75,4.54,0.2420,1.4550,2.2220,0.9700,,,12375,49452,0.2502,
National Bank of Bahrain,NBB.BH,Bahrain,Financials,Commercial Banks,Yes,2020,annual,4.50,8.56,4.76,5.94,0.2750,1.4460,7.3280,3.2510,0.7850,5.92,36299,72482,0.5008,
National Bank of Bahrain,NBB.BH,Bahrain,Financials,Commercial Banks,Yes,2021,annual,5.89,8.02,3.91,5.94,0.5270,1.2680,6.7780,3.5650,0.7410,5.68,39834,83575,0.4766,
National Bank of Bahrain,NBB.BH,Bahrain,Financials,Commercial Banks,Yes,2022,annual,8.97,8.10,3.52,6.86,1.7410,1.3030,6.4400,7.9620,1.7650,9.28,41072,88492,0.4641,
National Bank of Bahrain,NBB.BH,Bahrain,Financials,Commercial Banks,Yes,2023,annual,8.79,8.33,5.22,7.45,1.6060,1.3880,7.5300,7.3760,1.6830,9.04,38909,83629,0.4653,
National Bank of Bahrain,NBB.BH,Bahrain,Financials,Commercial Banks,Yes,2024,annual,8.87,7.99,7.56,8.14,1.6560,1.2680,9.4920,6.3670,1.8010,9.60,34712,74558,0.4656,
National Bank of Bahrain,NBB.BH,Bahrain,Financials,Commercial Banks,Yes,2025,annual,6.56,7.58,8.43,7.52,0.6790,1.1520,10.4540,7.7670,2.4810,9.92,33863,80867,0.4187,
National Bank of Kuwait,NBK.KW,Kuwait,Financials,Commercial Banks,Yes,2020,annual,4.63,1.05,9.18,4.95,0.2940,0.1070,12.2790,1.3380,0.4010,4.16,18691,63470,0.2945,
National Bank of Kuwait,NBK.KW,Kuwait,Financials,Commercial Banks,Yes,2021,annual,5.35,3.24,9.25,5.95,0.4200,0.3960,12.4360,3.3130,0.3710,4.00,20223,65456,0.3090,
National Bank of Kuwait,NBK.KW,Kuwait,Financials,Commercial Banks,Yes,2022,annual,6.17,1.98,9.00,5.72,0.5710,0.2320,11.3910,2.9590,0.8880,6.56,23658,68415,0.3458,
National Bank of Kuwait,NBK.KW,Kuwait,Financials,Commercial Banks,Yes,2023,annual,7.46,5.24,8.33,7.01,0.9880,0.7030,10.2600,3.6100,0.9120,6.64,26315,72019,0.3654,
National Bank of Kuwait,NBK.KW,Kuwait,Financials,Commercial Banks,Yes,2024,annual,8.02,2.83,8.66,6.50,1.1910,0.3300,10.6990,3.4810,2.1440,9.76,27291,72517,0.3763,
National Bank of Kuwait,NBK.KW,Kuwait,Financials,Commercial Banks,Yes,2025,annual,7.79,3.73,8.53,6.68,1.0920,0.4850,10.6030,3.6710,2.0020,9.68,32962,80612,0.4089,
National Industrialization Co,2060,Saudi Arabia,Resource Transformation,Chemicals,No,2020,annual,1.13,8.43,5.30,4.95,0.0000,1.4190,7.5670,0.3940,,,12686,45579,0.2783,
National Industrialization Co,2060,Saudi Arabia,Resource Transformation,Chemicals,No,2021,annual,1.13,5.78,4.01,3.64,0.0000,0.7850,6.8560,0.2480,,,12106,42280,0.2863,
National Industrialization Co,2060,Saudi Arabia,Resource Transformation,Chemicals,No,2022,annual,6.50,4.58,4.88,5.32,0.6410,0.6050,7.3730,1.4960,,,14038,45501,0.3085,
National Industrialization Co,2060,Saudi Arabia,Resource Transformation,Chemicals,No,2023,annual,5.37,4.16,4.99,4.84,0.4220,0.5280,7.3920,0.8450,,,14204,47335,0.3001,
National Industrialization Co,2060,Saudi Arabia,Resource Transformation,Chemicals,No,2024,annual,8.28,6.63,6.79,7.23,1.2850,0.9380,8.5460,3.1270,,,14393,50163,0.2869,
National Industrialization Co,2060,Saudi Arabia,Resource Transformation,Chemicals,No,2025,annual,7.04,7.94,6.09,7.03,0.7880,1.2550,8.0280,2.9190,,,17127,51887,0.3301,
Oman International Development and Investment Company,OMVS,Oman,Financials,Asset Management & Custody Activities,Yes,2020,annual,1.13,0.35,4.16,1.88,0.0000,0.0000,6.9090,1.0860,0.0000,0.84,10132,43073,0.2352,
Oman International Development and Investment Company,OMVS,Oman,Financials,Asset Management & Custody Activities,Yes,2021,annual,1.13,1.03,6.53,2.90,0.0000,0.1030,8.2690,1.6540,0.0000,0.84,9675,41445,0.2334,
Oman International Development and Investment Company,OMVS,Oman,Financials,Asset Management & Custody Activities,Yes,2022,annual,1.13,0.85,4.52,2.17,0.0000,0.0760,7.2150,3.5890,0.0000,0.84,13097,45187,0.2898,
Oman International Development and Investment Company,OMVS,Oman,Financials,Asset Management & Custody Activities,Yes,2023,annual,1.13,0.35,6.76,2.75,0.0000,0.0000,8.5450,3.6750,0.0000,0.84,10884,47523,0.2290,
Oman International Development and Investment Company,OMVS,Oman,Financials,Asset Management & Custody Activities,Yes,2024,annual,2.83,0.35,6.30,3.16,0.1080,0.0000,8.1270,4.4430,0.0000,0.84,9229,49111,0.1879,
Oman International Development and Investment Company,OMVS,Oman,Financials,Asset Management & Custody Activities,Yes,2025,annual,2.80,1.11,7.12,3.68,0.1080,0.1080,9.1370,7.2450,0.1080,1.84,9248,41557,0.2225,
Oman Telecommunications Company OTEL,OTEL,Oman,Technology & Communications,Telecommunication Services,No,2020,annual,6.86,0.93,1.59,3.13,0.7570,0.0890,3.9610,1.0680,,,11235,40989,0.2741,
Oman Telecommunications Company OTEL,OTEL,Oman,Technology & Communications,Telecommunication Services,No,2021,annual,3.29,2.49,0.77,2.19,0.1510,0.3020,2.3650,0.8050,,,9936,41464,0.2396,
Oman Telecommunications Company OTEL,OTEL,Oman,Technology & Communications,Telecommunication Services,No,2022,annual,1.13,0.80,1.34,1.09,0.0000,0.0720,3.5460,1.3750,,,13818,47098,0.2934,
Oman Telecommunications Company OTEL,OTEL,Oman,Technology & Communications,Telecommunication Services,No,2023,annual,4.47,1.26,2.47,2.73,0.2740,0.1370,5.3380,1.6420,,,14613,48444,0.3016,
Oman Telecommunications Company OTEL,OTEL,Oman,Technology & Communications,Telecommunication Services,No,2024,annual,8.56,3.86,5.68,6.03,1.5260,0.4990,7.8250,2.6640,,,18019,57282,0.3146,
Oman Telecommunications Company OTEL,OTEL,Oman,Technology & Communications,Telecommunication Services,No,2025,annual,5.60,2.29,5.42,4.44,0.4540,0.2790,7.6770,2.3030,,,14329,55362,0.2588,
Ooredoo Q.P.S.C.,ORDS.QA,Qatar,Technology & Communications,Telecommunication Services,No,2020,annual,1.13,4.68,6.89,4.23,0.0000,0.6150,8.6310,0.5810,,,29255,71847,0.4072,
Ooredoo Q.P.S.C.,ORDS.QA,Qatar,Technology & Communications,Telecommunication Services,No,2021,annual,5.50,5.22,8.82,6.51,0.4330,0.6960,10.9550,1.2690,,,32313,77756,0.4156,
Ooredoo Q.P.S.C.,ORDS.QA,Qatar,Technology & Communications,Telecommunication Services,No,2022,annual,4.73,9.64,7.94,7.44,0.3270,2.1480,9.9290,1.6500,,,35151,79478,0.4423,
Ooredoo Q.P.S.C.,ORDS.QA,Qatar,Technology & Communications,Telecommunication Services,No,2023,annual,3.65,4.22,7.33,5.06,0.1840,0.5370,9.2550,1.4750,,,29821,71748,0.4156,
Ooredoo Q.P.S.C.,ORDS.QA,Qatar,Technology & Communications,Telecommunication Services,No,2024,annual,4.94,5.27,7.38,5.86,0.3620,0.7070,9.2790,3.4220,,,30390,71427,0.4255,
Ooredoo Q.P.S.C.,ORDS.QA,Qatar,Technology & Communications,Telecommunication Services,No,2025,annual,5.32,5.19,8.02,6.18,0.4190,0.6930,10.0530,3.3510,,,31034,73146,0.4243,
Qatar Fuel Company (WOQOD),QFLS.QA,Qatar,Extractives & Minerals Processing,Oil & Gas – Refining & Marketing,No,2020,annual,8.30,6.17,5.99,6.82,1.3000,0.8670,7.9740,0.6070,,,11537,26515,0.4351,
Qatar Fuel Company (WOQOD),QFLS.QA,Qatar,Extractives & Minerals Processing,Oil & Gas – Refining & Marketing,No,2021,annual,7.33,3.37,7.76,6.15,0.9010,0.4240,9.7000,0.7420,,,9433,29596,0.3187,
Qatar Fuel Company (WOQOD),QFLS.QA,Qatar,Extractives & Minerals Processing,Oil & Gas – Refining & Marketing,No,2022,annual,8.20,2.01,9.15,6.45,1.2800,0.2330,12.2770,0.4650,,,8593,29528,0.2910,
Qatar Fuel Company (WOQOD),QFLS.QA,Qatar,Extractives & Minerals Processing,Oil & Gas – Refining & Marketing,No,2023,annual,5.91,4.14,8.95,6.33,0.5280,0.5280,11.3280,0.5760,,,10417,29510,0.3530,
Qatar Fuel Company (WOQOD),QFLS.QA,Qatar,Extractives & Minerals Processing,Oil & Gas – Refining & Marketing,No,2024,annual,5.76,7.02,8.05,6.94,0.4810,1.0110,10.0630,0.3850,,,10385,29219,0.3554,
Qatar Fuel Company (WOQOD),QFLS.QA,Qatar,Extractives & Minerals Processing,Oil & Gas – Refining & Marketing,No,2025,annual,7.53,5.04,9.23,7.27,1.0110,0.6610,12.4010,0.7000,,,12862,33360,0.3856,
Qatar Gas Transport Co (Nakilat),QGTS,Qatar,Transportation,Marine Transportation,No,2020,annual,1.13,8.46,4.34,4.64,0.0000,1.4240,7.1200,0.9490,,,6320,27220,0.2322,
Qatar Gas Transport Co (Nakilat),QGTS,Qatar,Transportation,Marine Transportation,No,2021,annual,9.05,8.74,4.86,7.55,1.8010,1.4880,7.3620,1.8800,,,6384,27709,0.2304,
Qatar Gas Transport Co (Nakilat),QGTS,Qatar,Transportation,Marine Transportation,No,2022,annual,4.91,5.37,8.28,6.19,0.3560,0.7370,10.2380,1.2700,,,19681,47737,0.4123,
Qatar Gas Transport Co (Nakilat),QGTS,Qatar,Transportation,Marine Transportation,No,2023,annual,4.88,3.34,8.59,5.60,0.3530,0.4230,10.6240,0.7520,,,21273,46758,0.4550,
Qatar Gas Transport Co (Nakilat),QGTS,Qatar,Transportation,Marine Transportation,No,2024,annual,4.81,4.52,8.92,6.08,0.3360,0.6000,11.0890,1.1040,,,20832,45942,0.4534,
Qatar Gas Transport Co (Nakilat),QGTS,Qatar,Transportation,Marine Transportation,No,2025,annual,1.13,4.81,9.13,5.02,0.0000,0.6270,11.9580,1.2540,,,22328,47667,0.4684,
QNB (Qatar National Bank),QNBK.QA,Qatar,Financials,Commercial Banks,Yes,2020,annual,5.17,4.63,6.35,5.38,0.3850,0.6110,8.1520,2.4430,0.9160,6.72,37659,69434,0.5424,
QNB (Qatar National Bank),QNBK.QA,Qatar,Financials,Commercial Banks,Yes,2021,annual,7.28,5.73,7.28,6.76,0.8780,0.7820,9.2510,3.4860,1.2350,7.76,36429,68849,0.5291,
QNB (Qatar National Bank),QNBK.QA,Qatar,Financials,Commercial Banks,Yes,2022,annual,7.87,3.91,6.97,6.25,1.1430,0.5000,8.9080,4.6680,1.1430,7.60,41986,73312,0.5727,
QNB (Qatar National Bank),QNBK.QA,Qatar,Financials,Commercial Banks,Yes,2023,annual,7.02,4.19,5.91,5.71,0.7870,0.5370,7.9410,3.2430,1.2520,7.84,41936,92950,0.4512,
QNB (Qatar National Bank),QNBK.QA,Qatar,Financials,Commercial Banks,Yes,2024,annual,6.79,3.06,6.14,5.33,0.7220,0.3780,8.0530,3.3320,1.2000,7.68,45016,100968,0.4458,
QNB (Qatar National Bank),QNBK.QA,Qatar,Financials,Commercial Banks,Yes,2025,annual,8.48,4.32,5.35,6.05,1.4210,0.5680,7.6140,3.5050,0.9590,7.12,42226,105207,0.4014,
Rabigh Refining & Petrochemical Co.,2380,Saudi Arabia,Extractives & Minerals Processing,Oil & Gas – Refining & Marketing,No,2020,annual,1.13,0.35,1.65,1.04,0.0000,0.0000,4.0600,0.4060,,,2463,20963,0.1175,sentence_segmentation_artifact
Rabigh Refining & Petrochemical Co.,2380,Saudi Arabia,Extractives & Minerals Processing,Oil & Gas – Refining & Marketing,No,2021,annual,9.10,9.61,1.39,6.70,1.9490,2.1440,3.6060,6.0430,,,5130,35928,0.1428,
Rabigh Refining & Petrochemical Co.,2380,Saudi Arabia,Extractives & Minerals Processing,Oil & Gas – Refining & Marketing,No,2022,annual,9.67,7.38,1.77,6.27,2.7070,1.1150,4.1400,6.8470,,,6280,37450,0.1677,
Rabigh Refining & Petrochemical Co.,2380,Saudi Arabia,Extractives & Minerals Processing,Oil & Gas – Refining & Marketing,No,2023,annual,7.20,5.01,4.06,5.42,0.8470,0.6590,6.8740,5.6500,,,5310,37064,0.1433,
Rabigh Refining & Petrochemical Co.,2380,Saudi Arabia,Extractives & Minerals Processing,Oil & Gas – Refining & Marketing,No,2024,annual,5.63,5.89,1.83,4.45,0.4610,0.7950,4.2910,2.9310,,,23885,50145,0.4763,
Rabigh Refining & Petrochemical Co.,2380,Saudi Arabia,Extractives & Minerals Processing,Oil & Gas – Refining & Marketing,No,2025,annual,6.74,4.50,3.37,4.87,0.7070,0.5940,6.3040,3.2790,,,17686,37606,0.4703,
Riyad Bank,1010.SR,Saudi Arabia,Financials,Commercial Banks,Yes,2020,annual,1.13,3.01,6.04,3.39,0.0000,0.3640,8.0100,0.6310,0.0000,0.84,20599,59960,0.3435,
Riyad Bank,1010.SR,Saudi Arabia,Financials,Commercial Banks,Yes,2021,annual,3.24,3.14,4.32,3.56,0.1500,0.3850,7.1150,1.6670,0.4490,4.64,23401,65909,0.3551,
Riyad Bank,1010.SR,Saudi Arabia,Financials,Commercial Banks,Yes,2022,annual,6.38,6.50,2.52,5.13,0.6250,0.9100,5.4010,2.6530,0.5690,5.28,26383,67437,0.3912,
Riyad Bank,1010.SR,Saudi Arabia,Financials,Commercial Banks,Yes,2023,annual,5.30,3.83,2.98,4.04,0.4070,0.4990,5.9180,2.3300,0.8880,6.48,27038,68354,0.3956,
Riyad Bank,1010.SR,Saudi Arabia,Financials,Commercial Banks,Yes,2024,annual,8.64,5.84,3.11,5.86,1.5780,0.7890,6.0540,6.0370,1.0800,7.52,29155,75176,0.3878,
Riyad Bank,1010.SR,Saudi Arabia,Financials,Commercial Banks,Yes,2025,annual,8.95,5.53,5.37,6.62,1.7140,0.7650,7.6360,5.4170,1.7900,9.52,32673,80900,0.4039,
SABIC Agri-Nutrients Company,2020.SR,Saudi Arabia,Resource Transformation,Chemicals,No,2020,annual,1.13,0.35,1.21,0.90,0.0000,0.0000,3.2070,1.9240,,,1559,14194,0.1098,
SABIC Agri-Nutrients Company,2020.SR,Saudi Arabia,Resource Transformation,Chemicals,No,2021,annual,7.30,2.42,3.21,4.31,0.8960,0.2890,6.1820,0.5780,,,17307,21230,0.8152,
SABIC Agri-Nutrients Company,2020.SR,Saudi Arabia,Resource Transformation,Chemicals,No,2022,annual,6.02,2.37,2.90,3.76,0.5460,0.2880,5.8670,1.4960,,,17385,22997,0.7560,
SABIC Agri-Nutrients Company,2020.SR,Saudi Arabia,Resource Transformation,Chemicals,No,2023,annual,8.82,6.97,2.67,6.15,1.6090,1.0090,5.4750,1.1530,,,20822,25165,0.8274,
SABIC Agri-Nutrients Company,2020.SR,Saudi Arabia,Resource Transformation,Chemicals,No,2024,annual,5.68,6.61,6.02,6.10,0.4660,0.9320,7.9920,2.1570,,,20396,25368,0.8040,
SABIC Agri-Nutrients Company,2020.SR,Saudi Arabia,Resource Transformation,Chemicals,No,2025,annual,8.59,9.05,3.88,7.17,1.5280,1.6700,6.7630,2.9330,,,24547,30598,0.8022,
Sahara International Petrochemical Co.,2310,Saudi Arabia,Resource Transformation,Chemicals,No,2020,annual,2.78,3.26,8.56,4.87,0.1040,0.4160,10.6080,0.5200,,,9615,48819,0.1970,
Sahara International Petrochemical Co.,2310,Saudi Arabia,Resource Transformation,Chemicals,No,2021,annual,2.67,2.75,5.58,3.67,0.0920,0.3230,7.7610,0.4620,,,10823,44704,0.2421,
Sahara International Petrochemical Co.,2310,Saudi Arabia,Resource Transformation,Chemicals,No,2022,annual,5.81,3.75,0.21,3.26,0.4900,0.4900,1.3060,3.9190,,,3062,4214,0.7266,
Sahara International Petrochemical Co.,2310,Saudi Arabia,Resource Transformation,Chemicals,No,2023,annual,2.96,2.08,8.77,4.60,0.1200,0.2400,10.8060,0.4800,,,8329,18174,0.4583,
Sahara International Petrochemical Co.,2310,Saudi Arabia,Resource Transformation,Chemicals,No,2024,annual,3.80,6.48,9.79,6.69,0.1940,0.9070,16.1940,0.5180,,,7719,17848,0.4325,
Sahara International Petrochemical Co.,2310,Saudi Arabia,Resource Transformation,Chemicals,No,2025,annual,3.42,7.46,8.46,6.44,0.1690,1.1240,10.4540,0.6740,,,8896,19087,0.4661,
Salam International Investment,SIIS,Qatar,Infrastructure,Real Estate,No,2020,annual,1.13,0.35,2.37,1.28,0.0000,0.0000,5.2140,0.0000,,,959,4044,0.2371,
Salam International Investment,SIIS,Qatar,Infrastructure,Real Estate,No,2021,annual,1.13,0.35,7.20,2.89,0.0000,0.0000,9.2310,0.0000,,,650,3645,0.1783,
Salam International Investment,SIIS,Qatar,Infrastructure,Real Estate,No,2022,annual,1.13,1.52,9.02,3.89,0.0000,0.1650,11.3940,0.1650,,,24223,53057,0.4565,
Salam International Investment,SIIS,Qatar,Infrastructure,Real Estate,No,2023,annual,1.13,0.75,9.59,3.82,0.0000,0.0510,13.8480,0.2560,,,19569,49714,0.3936,
Salam International Investment,SIIS,Qatar,Infrastructure,Real Estate,No,2024,annual,1.13,0.72,9.69,3.85,0.0000,0.0500,15.1770,0.1500,,,19965,49062,0.4069,
Salam International Investment,SIIS,Qatar,Infrastructure,Real Estate,No,2025,annual,1.13,1.18,9.51,3.94,0.0000,0.1290,12.8520,0.1290,,,23342,51482,0.4534,
Saudi Airlines Catering Company CATRION,6004,Saudi Arabia,Services,Restaurants,No,2020,annual,1.13,7.76,8.69,5.86,0.0000,1.2130,10.7310,0.1660,,,30099,53700,0.5605,
Saudi Airlines Catering Company CATRION,6004,Saudi Arabia,Services,Restaurants,No,2021,annual,1.13,8.23,8.15,5.84,0.0000,1.3560,10.1700,0.1510,,,26549,55442,0.4789,
Saudi Airlines Catering Company CATRION,6004,Saudi Arabia,Services,Restaurants,No,2022,annual,1.13,9.51,9.10,6.58,0.0000,2.0760,11.8770,0.6250,,,22397,46744,0.4791,
Saudi Airlines Catering Company CATRION,6004,Saudi Arabia,Services,Restaurants,No,2023,annual,4.86,9.74,7.99,7.53,0.3530,2.2640,10.0200,1.5960,,,26947,56062,0.4807,
Saudi Airlines Catering Company CATRION,6004,Saudi Arabia,Services,Restaurants,No,2024,annual,5.40,9.67,6.27,7.11,0.4270,2.1530,8.0860,2.4320,,,30422,60830,0.5001,
Saudi Airlines Catering Company CATRION,6004,Saudi Arabia,Services,Restaurants,No,2025,annual,3.78,8.12,5.06,5.66,0.1930,1.3090,7.4660,1.7630,,,36297,71611,0.5069,
Saudi Aramco,2222.SR,Saudi Arabia,Extractives & Minerals Processing,Oil & Gas – Exploration & Production,No,2020,annual,9.49,6.22,1.13,5.61,2.2690,0.8750,3.1700,0.9570,,,36588,94585,0.3868,
Saudi Aramco,2222.SR,Saudi Arabia,Extractives & Minerals Processing,Oil & Gas – Exploration & Production,No,2021,annual,8.77,6.07,1.08,5.30,1.6010,0.8400,3.1230,0.8400,,,38107,98194,0.3881,
Saudi Aramco,2222.SR,Saudi Arabia,Extractives & Minerals Processing,Oil & Gas – Exploration & Production,No,2022,annual,9.23,7.53,0.98,5.91,2.0110,1.1390,3.0020,2.0640,,,37304,94756,0.3937,
Saudi Aramco,2222.SR,Saudi Arabia,Extractives & Minerals Processing,Oil & Gas – Exploration & Production,No,2023,annual,8.69,6.94,0.93,5.52,1.5890,1.0000,2.9040,1.7260,,,36496,97503,0.3743,
Saudi Aramco,2222.SR,Saudi Arabia,Extractives & Minerals Processing,Oil & Gas – Exploration & Production,No,2024,annual,9.18,5.81,1.11,5.36,1.9650,0.7860,3.1580,1.8700,,,36891,97665,0.3777,
Saudi Aramco,2222.SR,Saudi Arabia,Extractives & Minerals Processing,Oil & Gas – Exploration & Production,No,2025,annual,7.99,5.96,1.03,5.00,1.1740,0.8230,3.0640,1.7010,,,37041,99910,0.3707,
Saudi Basic Industries Corporation SABIC,2010.SR,Saudi Arabia,Resource Transformation,Chemicals,No,2020,annual,8.23,4.91,1.05,4.73,1.2820,0.6470,3.1030,2.8990,,,41733,49586,0.8416,
Saudi Basic Industries Corporation SABIC,2010.SR,Saudi Arabia,Resource Transformation,Chemicals,No,2021,annual,9.36,6.12,1.36,5.61,2.1210,0.8560,3.5700,3.5560,,,37960,45809,0.8287,
Saudi Basic Industries Corporation SABIC,2010.SR,Saudi Arabia,Resource Transformation,Chemicals,No,2022,annual,9.46,7.71,1.85,6.34,2.1940,1.1940,4.3740,5.0820,,,36010,44162,0.8154,
Saudi Basic Industries Corporation SABIC,2010.SR,Saudi Arabia,Resource Transformation,Chemicals,No,2023,annual,9.82,9.23,1.52,6.86,3.1370,1.7780,3.9060,3.2820,,,58497,131500,0.4448,
Saudi Basic Industries Corporation SABIC,2010.SR,Saudi Arabia,Resource Transformation,Chemicals,No,2024,annual,9.31,9.43,2.29,7.01,2.0880,2.0400,4.9510,2.7920,,,41907,107362,0.3903,
Saudi Basic Industries Corporation SABIC,2010.SR,Saudi Arabia,Resource Transformation,Chemicals,No,2025,annual,9.59,9.72,3.70,7.67,2.5960,2.2000,6.5450,2.6680,,,27731,96488,0.2874,
Saudi Cement,3030,Saudi Arabia,Extractives & Minerals Processing,Construction Materials,No,2020,annual,1.13,8.15,9.38,6.22,0.0000,1.3340,12.7450,0.0000,,,6748,11265,0.5990,
Saudi Cement,3030,Saudi Arabia,Extractives & Minerals Processing,Construction Materials,No,2021,annual,1.13,9.59,9.28,6.67,0.0000,2.1280,12.4550,0.0000,,,6343,10615,0.5976,
Saudi Cement,3030,Saudi Arabia,Extractives & Minerals Processing,Construction Materials,No,2022,annual,1.13,9.02,9.49,6.55,0.0000,1.6440,12.8430,0.0000,,,6385,10682,0.5977,
Saudi Cement,3030,Saudi Arabia,Extractives & Minerals Processing,Construction Materials,No,2023,annual,1.13,9.28,9.56,6.66,0.0000,1.8550,13.1380,0.0000,,,6470,11220,0.5766,
Saudi Cement,3030,Saudi Arabia,Extractives & Minerals Processing,Construction Materials,No,2024,annual,5.66,8.69,9.67,8.00,0.4630,1.4670,14.2040,0.3090,,,6477,10376,0.6242,
Saudi Cement,3030,Saudi Arabia,Extractives & Minerals Processing,Construction Materials,No,2025,annual,4.29,8.87,9.64,7.60,0.2480,1.5680,14.0290,0.4950,,,6059,10068,0.6018,
Saudi Industrial Investment Group,2250,Saudi Arabia,Resource Transformation,Chemicals,Yes,2020,annual,1.13,8.51,0.57,3.40,0.0000,1.4370,1.9160,0.0000,0.0000,0.84,2088,10667,0.1957,
Saudi Industrial Investment Group,2250,Saudi Arabia,Resource Transformation,Chemicals,Yes,2021,annual,4.96,3.60,7.25,5.27,0.3620,0.4530,9.2410,0.1810,0.0000,0.84,5519,9034,0.6109,
Saudi Industrial Investment Group,2250,Saudi Arabia,Resource Transformation,Chemicals,Yes,2022,annual,3.68,1.65,2.49,2.60,0.1860,0.1860,5.3850,0.7430,0.0000,0.84,5385,13060,0.4123,
Saudi Industrial Investment Group,2250,Saudi Arabia,Resource Transformation,Chemicals,Yes,2023,annual,5.94,2.16,1.16,3.08,0.5290,0.2640,3.1740,1.3220,0.0000,0.84,3781,13405,0.2821,
Saudi Industrial Investment Group,2250,Saudi Arabia,Resource Transformation,Chemicals,Yes,2024,annual,7.25,2.44,0.46,3.38,0.8690,0.2900,1.7380,0.8690,0.0000,0.84,3452,12528,0.2755,
Saudi Industrial Investment Group,2250,Saudi Arabia,Resource Transformation,Chemicals,Yes,2025,annual,5.48,4.70,5.81,5.33,0.4310,0.6160,7.8840,0.8620,0.0000,0.84,8118,12157,0.6678,
Saudi Telecom Company,7010.SR,Saudi Arabia,Technology & Communications,Telecommunication Services,No,2020,annual,2.44,4.27,4.42,3.71,0.0600,0.5390,7.1300,1.6780,,,16691,59505,0.2805,
Saudi Telecom Company,7010.SR,Saudi Arabia,Technology & Communications,Telecommunication Services,No,2021,annual,1.13,2.90,2.93,2.32,0.0000,0.3390,5.8820,0.5090,,,17681,58271,0.3034,
Saudi Telecom Company,7010.SR,Saudi Arabia,Technology & Communications,Telecommunication Services,No,2022,annual,3.91,0.87,1.98,2.25,0.2050,0.0820,4.5910,0.9020,,,12197,67140,0.1817,
Saudi Telecom Company,7010.SR,Saudi Arabia,Technology & Communications,Telecommunication Services,No,2023,annual,3.70,5.42,2.21,3.78,0.1890,0.7550,4.8920,2.3040,,,26473,77598,0.3412,
Saudi Telecom Company,7010.SR,Saudi Arabia,Technology & Communications,Telecommunication Services,No,2024,annual,4.52,7.43,2.72,4.89,0.2810,1.1220,5.5050,1.6830,,,28519,92059,0.3098,
Saudi Telecom Company,7010.SR,Saudi Arabia,Technology & Communications,Telecommunication Services,No,2025,annual,4.24,6.58,3.47,4.76,0.2390,0.9260,6.4250,1.9720,,,33464,93560,0.3577,
Savola Group,2050.SR,Saudi Arabia,Food & Beverage,Processed Foods,No,2020,annual,1.13,8.77,1.23,3.71,0.0000,1.5330,3.4870,2.5850,,,16633,38274,0.4346,
Savola Group,2050.SR,Saudi Arabia,Food & Beverage,Processed Foods,No,2021,annual,3.01,6.74,1.00,3.58,0.1210,0.9650,3.0150,3.3170,,,16581,36627,0.4527,
Savola Group,2050.SR,Saudi Arabia,Food & Beverage,Processed Foods,No,2022,annual,3.75,4.99,0.95,3.23,0.1920,0.6520,2.9150,2.6080,,,13036,36138,0.3607,
Savola Group,2050.SR,Saudi Arabia,Food & Beverage,Processed Foods,No,2023,annual,3.55,6.45,0.90,3.63,0.1810,0.9050,2.8970,1.4490,,,13807,62156,0.2221,
Savola Group,2050.SR,Saudi Arabia,Food & Beverage,Processed Foods,No,2024,annual,6.43,6.38,1.67,4.82,0.6350,0.8900,4.0660,4.0660,,,11804,78651,0.1501,
Savola Group,2050.SR,Saudi Arabia,Food & Beverage,Processed Foods,No,2025,annual,2.72,9.13,2.06,4.64,0.0990,1.6890,4.6700,2.6830,,,10064,49304,0.2041,
Sohar International Bank,BKSB,Oman,Financials,Commercial Banks,Yes,2020,annual,2.98,0.35,2.11,1.81,0.1200,0.0000,4.7690,0.4820,0.0000,0.84,20759,93714,0.2215,
Sohar International Bank,BKSB,Oman,Financials,Commercial Banks,Yes,2021,annual,1.13,1.85,2.13,1.71,0.0000,0.2160,4.8160,0.6910,0.2590,2.96,23151,99354,0.2330,
Sohar International Bank,BKSB,Oman,Financials,Commercial Banks,Yes,2022,annual,4.78,1.49,2.26,2.84,0.3300,0.1650,4.9480,1.9790,0.4400,4.56,27286,103132,0.2646,
Sohar International Bank,BKSB,Oman,Financials,Commercial Banks,Yes,2023,annual,6.45,5.14,3.50,5.03,0.6360,0.6800,6.4270,3.3340,1.0530,7.28,22793,97712,0.2333,
Sohar International Bank,BKSB,Oman,Financials,Commercial Banks,Yes,2024,annual,6.99,6.79,3.03,5.60,0.7670,0.9700,5.9750,3.1570,0.8790,6.32,22176,94011,0.2359,
Sohar International Bank,BKSB,Oman,Financials,Commercial Banks,Yes,2025,annual,3.32,8.41,2.54,4.76,0.1600,1.4180,5.4110,1.1980,0.7190,5.60,25041,96652,0.2591,
Tamdeen Real Estate Company,TAM.KW,Kuwait,Infrastructure,Real Estate,No,2020,annual,1.13,0.35,9.87,3.78,0.0000,0.0000,18.8710,0.0000,,,5670,21888,0.2590,
Tamdeen Real Estate Company,TAM.KW,Kuwait,Infrastructure,Real Estate,No,2021,annual,1.13,0.35,9.90,3.79,0.0000,0.0000,19.2990,0.1680,,,5959,22091,0.2697,
Tamdeen Real Estate Company,TAM.KW,Kuwait,Infrastructure,Real Estate,No,2022,annual,1.13,0.35,9.92,3.80,0.0000,0.0000,21.2560,0.0000,,,6116,22450,0.2724,
Tamdeen Real Estate Company,TAM.KW,Kuwait,Infrastructure,Real Estate,No,2023,annual,1.13,0.35,9.95,3.81,0.0000,0.0000,22.2800,0.0000,,,6104,23015,0.2652,
Tamdeen Real Estate Company,TAM.KW,Kuwait,Infrastructure,Real Estate,No,2024,annual,1.13,0.35,10.00,3.83,0.0000,0.0000,23.7150,0.0000,,,5777,22498,0.2568,
Tamdeen Real Estate Company,TAM.KW,Kuwait,Infrastructure,Real Estate,No,2025,annual,1.13,2.57,9.97,4.56,0.0000,0.3080,22.3010,0.1540,,,6502,22860,0.2844,
The National Bank of Ras Al Khaimah,RAKBANK,United Arab Emirates,Financials,Commercial Banks,Yes,2020,annual,6.12,6.99,7.43,6.85,0.5660,1.0090,9.4250,3.6910,0.9350,6.96,20318,78398,0.2592,
The National Bank of Ras Al Khaimah,RAKBANK,United Arab Emirates,Financials,Commercial Banks,Yes,2021,annual,4.14,7.17,7.74,6.35,0.2290,1.0530,9.6810,2.9290,1.4650,8.64,21847,76873,0.2842,
The National Bank of Ras Al Khaimah,RAKBANK,United Arab Emirates,Financials,Commercial Banks,Yes,2022,annual,3.06,6.14,8.35,5.85,0.1270,0.8670,10.2970,3.1100,1.7080,9.20,19617,71983,0.2725,
The National Bank of Ras Al Khaimah,RAKBANK,United Arab Emirates,Financials,Commercial Banks,Yes,2023,annual,7.56,6.27,6.61,6.81,1.0190,0.8840,8.3370,3.2170,1.0650,7.44,22070,75041,0.2941,
The National Bank of Ras Al Khaimah,RAKBANK,United Arab Emirates,Financials,Commercial Banks,Yes,2024,annual,8.51,5.71,6.86,7.03,1.4900,0.7820,8.6240,5.0810,2.3940,9.84,20467,69461,0.2947,
The National Bank of Ras Al Khaimah,RAKBANK,United Arab Emirates,Financials,Commercial Banks,Yes,2025,annual,7.97,4.94,4.91,5.94,1.1710,0.6480,7.3790,4.7660,2.7390,10.00,23918,38345,0.6238,
The Saudi National Bank,1180.SR,Saudi Arabia,Financials,Commercial Banks,Yes,2020,annual,1.13,3.98,6.12,3.74,0.0000,0.5160,8.0310,0.0000,0.1550,2.32,29075,75484,0.3852,
The Saudi National Bank,1180.SR,Saudi Arabia,Financials,Commercial Banks,Yes,2021,annual,3.08,1.95,6.81,3.95,0.1290,0.2260,8.5710,0.3560,0.4370,4.48,30918,82435,0.3751,
The Saudi National Bank,1180.SR,Saudi Arabia,Financials,Commercial Banks,Yes,2022,annual,4.45,3.96,7.46,5.29,0.2710,0.5080,9.4310,0.7110,0.4060,4.24,29529,77542,0.3808,
The Saudi National Bank,1180.SR,Saudi Arabia,Financials,Commercial Banks,Yes,2023,annual,5.84,4.04,7.61,5.83,0.5000,0.5160,9.5190,0.7740,0.4360,4.40,30991,80402,0.3855,
The Saudi National Bank,1180.SR,Saudi Arabia,Financials,Commercial Banks,Yes,2024,annual,7.12,5.06,8.30,6.83,0.8400,0.6610,10.2440,1.2870,0.6970,5.52,27967,78610,0.3558,
The Saudi National Bank,1180.SR,Saudi Arabia,Financials,Commercial Banks,Yes,2025,annual,5.14,4.73,8.51,6.13,0.3800,0.6220,10.4980,1.7270,0.8810,6.40,28957,76995,0.3761,
Yanbu Cement Company,3060.SR,Saudi Arabia,Extractives & Minerals Processing,Construction Materials,No,2020,annual,1.13,3.29,9.72,4.71,0.0000,0.4160,15.8120,0.1040,,,9613,13922,0.6905,
Yanbu Cement Company,3060.SR,Saudi Arabia,Extractives & Minerals Processing,Construction Materials,No,2021,annual,6.81,1.47,9.61,5.96,0.7320,0.1630,13.9930,0.1630,,,6146,9425,0.6521,
Yanbu Cement Company,3060.SR,Saudi Arabia,Extractives & Minerals Processing,Construction Materials,No,2022,annual,9.00,5.35,9.43,7.93,1.7660,0.7310,12.7910,0.6090,,,8209,12722,0.6453,
Yanbu Cement Company,3060.SR,Saudi Arabia,Extractives & Minerals Processing,Construction Materials,No,2023,annual,4.55,4.34,7.10,5.33,0.2850,0.5690,9.1110,1.8980,,,10537,16094,0.6547,
Yanbu Cement Company,3060.SR,Saudi Arabia,Extractives & Minerals Processing,Construction Materials,No,2024,annual,5.99,7.25,7.15,6.80,0.5430,1.0870,9.1460,2.7170,,,11043,16932,0.6522,
Yanbu Cement Company,3060.SR,Saudi Arabia,Extractives & Minerals Processing,Construction Materials,No,2025,annual,6.97,9.49,8.61,8.35,0.7660,2.0540,10.6530,3.8990,,,14362,20208,0.7107,
Yanbu National Petrochemical Co,2290.SR,Saudi Arabia,Resource Transformation,Chemicals,No,2020,annual,6.27,3.47,6.45,5.40,0.6000,0.4360,8.1840,1.1460,,,18329,38086,0.4813,
Yanbu National Petrochemical Co,2290.SR,Saudi Arabia,Resource Transformation,Chemicals,No,2021,annual,7.17,1.41,7.02,5.20,0.8470,0.1590,8.9510,0.9530,,,18881,21986,0.8588,
Yanbu National Petrochemical Co,2290.SR,Saudi Arabia,Resource Transformation,Chemicals,No,2022,annual,5.71,2.62,6.71,5.01,0.4700,0.3130,8.5210,1.0650,,,15961,19263,0.8286,
Yanbu National Petrochemical Co,2290.SR,Saudi Arabia,Resource Transformation,Chemicals,No,2023,annual,6.20,6.04,5.66,5.96,0.5770,0.8390,7.7850,1.2580,,,19074,22098,0.8632,
Yanbu National Petrochemical Co,2290.SR,Saudi Arabia,Resource Transformation,Chemicals,No,2024,annual,9.97,0.35,1.62,3.98,4.1780,0.0000,3.9790,8.3570,,,2513,25676,0.0979,
Yanbu National Petrochemical Co,2290.SR,Saudi Arabia,Resource Transformation,Chemicals,No,2025,annual,9.43,7.84,7.63,8.30,2.1510,1.2360,9.5880,2.8830,,,21851,26246,0.8325,
Zain (Mobile Telecommunications Company),ZAIN.KW,Kuwait,Technology & Communications,Telecommunication Services,No,2020,annual,6.76,5.58,4.50,5.61,0.7180,0.7680,7.1820,0.9910,,,40377,80011,0.5046,
Zain (Mobile Telecommunications Company),ZAIN.KW,Kuwait,Technology & Communications,Telecommunication Services,No,2021,annual,6.92,6.32,7.89,7.04,0.7580,0.8890,9.9180,1.1240,,,38262,74818,0.5114,
Zain (Mobile Telecommunications Company),ZAIN.KW,Kuwait,Technology & Communications,Telecommunication Services,No,2022,annual,7.74,6.09,8.07,7.30,1.0630,0.8560,10.0800,1.9610,,,36211,72580,0.4989,
Zain (Mobile Telecommunications Company),ZAIN.KW,Kuwait,Technology & Communications,Telecommunication Services,No,2023,annual,7.81,5.91,7.69,7.14,1.1230,0.7960,9.6490,2.1930,,,38295,76681,0.4994,
Zain (Mobile Telecommunications Company),ZAIN.KW,Kuwait,Technology & Communications,Telecommunication Services,No,2024,annual,8.43,7.51,8.71,8.22,1.3900,1.1300,10.7540,2.7020,,,38496,51001,0.7548,
Zain (Mobile Telecommunications Company),ZAIN.KW,Kuwait,Technology & Communications,Telecommunication Services,No,2025,annual,7.66,7.07,7.97,7.57,1.0380,1.0270,9.9460,2.7120,,,47203,90911,0.5192,
