institution_slug,fiscal_year,page,term,category,pillar,sentence,reviewer_verdict
abu-dhabi-commercial-bank,2025,77,ESG,Environmental,Environmental,"ESG-RELATED 
ENGAGEMENT WITH 
KEY STAKEHOLDERS 
IN 2025
Corporate clients
Government and regulators
Investors
Industry associations 
Universities and 
educational institutions
Non-governmental 
organisations (NGOs) 
ESG rating agencies
How we engage
—
—",
abu-dhabi-commercial-bank,2025,109,sustainability,Environmental,Environmental,"Overseeing credit and liquidity 
policies, and the remuneration, appointment or removal of 
the external auditor and other material accounting policies
•	 Internal controls: Ensuring the establishment, 
implementation, and monitoring of an adequate and effective 
system of internal controls through prudent oversight 
and guidance
•	 Risk management: Setting the Bank’s risk strategy and 
appetite, monitoring material risks, approving risk management 
policies, and promoting a strong risk-aware culture
•	 Compliance, AML/CFT and sanctions: Overseeing 
the implementation of an effective compliance programme, 
including anti-money laundering, countering the financing 
of terrorism, and sanctions compliance, while promoting 
a strong compliance culture, reinforcing the three lines 
of defence model and ensuring the Group operates in 
accordance with applicable legislation
•	 Sustainability: Overseeing and approving the Bank’s 
sustainability strategy to ensure that environmental, social, 
and governance (ESG) risks and opportunities are managed 
effectively, strengthening resilience and supporting the 
transition to a net zero economy
•	 Major transactions: Approving major capital investments 
and projects, including acquisitions, mergers, disposals and 
material contracts outside the ordinary course of business
•	 Board Committees and appointments: Establishing 
committees to support the Board in conducting its 
responsibilities, approving their terms of reference and 
composition, and conducting annual evaluations of the 
effectiveness of the Board, its Committees and individual 
Directors
•	 Succession planning: Appointing or removing, and 
overseeing succession planning for, key members of Senior 
Management to ensure business continuity and leadership 
strength
•	 Executive Management performance: Establishing a fit 
and proper process for the selection and assessment of 
Executive Management and monitoring performance to 
ensure alignment with strategic objectives, risk appetite, 
and the Bank’s values.",
abu-dhabi-national-oil-company-for-distribution,2024,65,climate change,Environmental,Environmental,"•	 Sustainability Governance - 
implement a comprehensive 
sustainability governance 
framework
•	 IT Transformation – modernize 
and digitize the IT landscape 
to act as a critical enabler of 
growth and efficiency
•	 Future-Proofing – strategy to 
proactively adapt to the energy 
transformation, mobility trends, 
digital disruption, and impact of 
climate change on the business
•	 Ethics and Compliance – align 
policies such as anti-bribery 
and corruption, ethics and 
compliance, and transparency 
with global standards
UN SDG 5
UN SDG 10
UN SDG 11
UN SDG 8
UN SDG 17
UN SDG 7
UN SDG 9
UN SDG 6
UN SDG 12
UN SDG 13
UN SDG 15
UN SDG 7
UN SDG 3
UN SDG 2",
abu-dhabi-national-oil-company-for-distribution,2024,68,ESG,Environmental,Environmental,"The ESG Subcommittee provides leadership 
from the top to set guiding values and will 
ensure the future climate risk mitigation and 
adaptation considerations are incorporated 
into business priorities and decision-making.",
abu-dhabi-national-oil-company-for-distribution,2024,69,renewable energy,Environmental,Environmental,"One of the KPIs linked to this loan is the renewable energy sources for own consumption 
(mwh consumption per year), reinforcing the company’s commitment to increasing the share of renewal and clean energy 
in its energy mix.",
al-rajhi-bank,2021,9,water management,Environmental,Environmental,"Although the Bank’s business model 
and operations do not directly create 
a significant negative impact on the 
environment, every effort is made to 
reduce its own carbon footprint through 
initiatives such as solar energy usage, 
prudent energy and water management, 
and the elimination of paper usage in  
its processes.",
al-rajhi-bank,2021,48,ESG,Environmental,Environmental,"The Bank immediately followed the 
Peer Benchmark with a Materiality 
Review as phase two of the ESG strategy 
development plan, where a number of 
immediate and long-term opportunities 
were discovered.",
al-rajhi-bank,2021,121,climate change,Environmental,Environmental,"Climate change
The Bank remains committed above all 
else to make its own operations achieve 
net zero through continuous initiatives to 
decrease both direct and indirect carbon 
emissions.",
al-rajhi-bank,2021,132,ESG,Environmental,Environmental,"ESG 
Report",
al-rajhi-bank,2025,139,renewable energy,Environmental,Environmental,"alrajhi bank has financed 
multiple large-scale renewable energy projects 
across Saudi Arabia, including participation in the 
Red Sea Utilities project, which supports the Red 
Sea Development through renewable-powered 
utilities infrastructure such as a 340 MW photovoltaic 
solar power facility with co-located battery 
energy storage, a biodiesel-fuelled power plant, 
desalination and wastewater treatment facilities, 
and district cooling systems, all designed to operate 
on renewable energy and reduce the environmental 
footprint of large-scale tourism development.",
al-rajhi-bank,2025,141,carbon footprint,Environmental,Environmental,"carbon footprint and 
reduction strategy
alrajhi bank continued improving its performance 
in its carbon footprint and reduction strategy by 
formally compiling and calculating its greenhouse 
gas (GHG) emissions.",
alinma-bank,2024,51,sustainability,Environmental,Environmental,"Sustainability 
Our Approach
Our sustainability governance
Sustainability is not a siloed function for alinma.",
alinma-bank,2024,55,sustainability,Environmental,Environmental,"Furthermore, as part of our bank-wide 
sustainability drive, we are preparing 
to launch our newly-updated 
customer satisfaction survey, which 
includes questions around 
sustainability that measure customer 
interest in and awareness of 
sustainability-focused finance 
products.",
alinma-bank,2024,58,ESG,Environmental,Environmental,"Efforts will also 
focus on enhancing oversight of 
subsidiaries, strengthening board 
diversity, developing an ESG 
roadmap, and adapting committee 
structures to address emerging risks.",
alinma-bank,2025,48,sustainable financing,Environmental,Environmental,"We will build on this momentum, 
deepening sustainable financing, 
expanding green Islamic offerings, 
and continuing to turn every 
interaction into a reliable source 
of value for our customers, 
Shareholders, and the Kingdom’s 
Vision 2030.",
alinma-bank,2025,73,sustainability,Environmental,Environmental,"The 
strategy is structured around six core pillars, with clear goals and dedicated sustainability key performance indicators 
(KPI) embedded in management performance assessments.",
almarai,2025,18,sustainability,Environmental,Environmental,"Sustainability as a License to Operate
As Almarai prepares to launch its 2026–2030 sustainability 
strategy cycle, the Board fully supports the continued 
focus on the three core sustainability pillars: Caring for 
People, Protecting the Planet, and Producing Responsible 
Products.",
bank-muscat-bkmb,2025,16,sustainability,Environmental,Environmental,"Bank Muscat publishes the annual sustainability report based on Global Reporting Initiative 
(GRI) sustainability reporting framework and guidelines, highlighting the impact of its activities on the economy, 
environment and society.",
bank-muscat-bkmb,2025,124,ESG,Environmental,Environmental,"Its pivotal role extends to strategic planning, business performance 
management, capital management, asset liability management, funding plans, revenue enhancement, 
investor relations, tax management, IFRS9 ECL computation, ESG assessment and forward-looking 
analysis on various aspects to enhance the performance.",
emaar-properties,2022,11,sustainability,Environmental,Environmental,"Dubai: Amongst the Top 5 
most visited places#
3.16 MW
Solar Power 
capacity in 2022 (UAE)
#1 in Revenue*
Ranked amongst 
Emerging markets 
(excluding China)
Financial strength
~24%
Female 
workforce in 2022 (UAE)
#1 in Net profit*
Ranked amongst Emerging 
markets (excluding China)
Sustainability
Emaar Properties in a snapshot
#Department of Tourism and Commerce Marketing, Dubai
*Attributable to Owners
*As at 31st December 2022
11.40 Mn
4.88 Mn
13.50 Mn
Gross Asset Value (GAV) 
AED 211 Bn
Fair value
AED 132 Bn
Book value
36% of our revenues 
from recurring rental 
businesses of malls, 
hospitality, leisure and 
entertainment 
17% of our Group 
revenues from 
International 
Development operations 
(AED 4.2 Bn)
We are a trusted brand, 33% of our sales in 
the UAE are made to repeat buyers in 2022.",
emaar-properties,2024,127,sustainable development,Environmental,Environmental,"April
	
+ Sustainability Awareness: Dubai Aquarium
	
+ Community Management x The Ripe Market at The Spring Souk
May
	
+ Save The Bees - Greener World: Raising awareness about bee conservation and the 
environment at KidZania
	
+ Mental Health Awareness Session for Staff at KidZania: In partnership with 
American Hospital in DXB & Danat Al Emarat in AUH, with 80 attendees
	
+ Home Safety Awareness Programme for Frontline Staff: Conducted by EEG Security 
Department, with 188 attendees
	
+ Community Management x The Ripe Market at The Spring Souk
June
	
+ Sustainability Awareness: Dubai Aquarium and Underwater Zoo; collaboration with 
Dubai Municipality to introduce cotton tote bags for DAUZ visitors
	
+ World Ocean’s Day: Focus on ocean and marine life conservation through 
awareness campaigns
	
+ Community Management x The Ripe Market at The Spring Souk
July
	
+ Shark Awareness: Dispelling myths about sharks, showcasing diversity, and highlighting 
conservation success stories
	
+ Dubai Aquarium: Turtle Rescue and Conservation
	
+ Free of Cost Visit for People of Determination: In partnership with Beit Al Khair 
Society, with 23 attendees
	
+ Reel Cinemas: Free visit for People of Determination in partnership with Dubai Club for 
People of Determination, with 140 attendees
	
+ Fit & Fun Community Care
	
+ Community Management x The Ripe Market at The Spring Souk
August
	
+ Free of Cost Visit to At The Top and Dubai Aquarium: In partnership with Beit Al 
Khair Society
	
+ Community Management x The Ripe Market at The Spring Souk
September
	
+ Free of Cost Visit to KidZania: In partnership with Buds International School & Dubai 
Foundation for Women & Children
	
+ Community Management x The Ripe Market at The Spring Souk
October
	
+ Breast Cancer Awareness Session for Staff: In Dubai and Abu Dhabi at KidZania, 
with 35 attendees
Emaar International
Emaar Egypt
In 2024, Emaar Egypt continued its commitment to impactful CSR initiatives, focusing on 
humanitarian aid, sustainable development, and community empowerment.",
emaar-properties,2025,3,ESG,Environmental,Environmental,"Operational Highlights
~618 Mn sq ft
Total land bank3
7.1%
Dividend yield
(vs 5.3% for the DFMI4, 5)
41 Hotels
With over 10,000 keys
AED 1.5 Bn
Commenced the Dubai Mall 
expansion project
ESG Highlights
MSCI ESG Rating of A
As of 2025, Emaar received an 
MSCI ESG Rating6 of A
Dubai Mall attained LEED 
Platinum certification 
under the LEED v4.1 (O+M)
ESG Impact Organisation 
Award won by Emaar India 
for its Amaris project at the 5th 
Sustainability Summit & Awards 
in June 2025
Sustainable Retrofit 
Project of the Year
Awarded to Emaar Asset 
Management (EAM) 
1 As of 31 December 2025.",
emaar-properties,2025,111,ESG,Environmental,Environmental,"-
Material topics
GRI 3: Material Topics 2021
3-1 Process to determine material topics
Responsible Value Creation: Emaar's ESG Approach - Materiality and Stakeholder Engagement
41-44
3-2 List of material topics
Responsible Value Creation: Emaar's ESG Approach - Materiality
Climate Change Mitigation and Adaptation
GRI 3: Material Topics 2021
3-3 Management of material topics
Responsible Value Creation: Climate Change Mitigation and Adaptation
50-51
GRI 305: Emissions 2016
305-1 Direct (Scope 1) GHG emissions
Responsible Value Creation: Climate Change Mitigation and Adaptation
ESG Data Pack: Climate Action
50-51,
305-2 Energy indirect (Scope 2) GHG emissions
Responsible Value Creation: Climate Change Mitigation and Adaptation
ESG Data Pack: Climate Action
50-51,
305-3 Other indirect (Scope 3) GHG emissions
Not available
We have initiated Scope 3 data collection and are refining data accuracy as part of our ongoing GHG management efforts.",
emirates-nbd-pjsc,2024,44,biodiversity,Environmental,Environmental,"Biodiversity and Sustainable Practices
Our participation in the PBAF underscores 
the Group’s commitment to preserving 
ecosystems.",
emirates-nbd-pjsc,2024,48,ESG,Environmental,Environmental,"Corporate Governance
Key Governance 
Highlights in 2024
Corporate  
Governance
•	 Updated Board Committee Terms of 
Reference, including Board Credit and 
Investment Committee (‘BCIC’), Board 
Profit Equalisation Committee (‘BPEC’) 
and Board Nomination, Remuneration and 
ESG Committee (‘BNRESGC’), to ensure 
alignment with current regulations and  
best practices.",
emirates-nbd-pjsc,2025,42,sustainable finance,Environmental,Environmental,"Together, these 
structures ensure sustainable finance 
and responsible investment are applied 
consistently, credibly and at scale across 
the Group.",
first-abu-dhabi-bank,2021,42,ESG,Environmental,Environmental,"We have a responsibility to our 
stakeholders to ensure that ESG issues are effectively 
managed by the Bank.",
first-abu-dhabi-bank,2023,20,sustainability,Environmental,Environmental,"In 2023, we hosted an event for the aviation sector 
value chain, focusing on the sustainability journey of 
the sector.",
first-abu-dhabi-bank,2024,98,ESG,Environmental,Environmental,"Committees with ESG roles
Tier 1
Tier 2
1st Line of Defence: Comply with the ESG 
strategies, framework, and policies, conduct 
ESG risk assessments, and identify new risks
2nd Line of Defence: Develop and amend 
the ESG strategies and framework, 
recommend ESG assessment methodologies 
(e.g., ESG risk assessments, net zero 
plans, and climate stress testing)
3rd Line of Defence: Independent review of 
ESG function as per Risk Based Audit Plan
ESG organisational structure
Functional Roles
Leadership Team
Implement the ESG strategy, framework 
and policies based on Board approvals
Drive a strong ESG culture and awareness 
around changes to the relevant strategies
Ensure compliance with the ESG 
strategy, framework, and policies
Board of Directors
Board Risk and ESG Committee (BRESGC)
Group ESG 
Committee (G-ESGC)
Group Risk 
Committee (GRC)
Group Compliance 
Committee
Group Operational 
and Fraud Risk 
Committee (GOFRC)
ESG and Sustainable 
Finance Committee 
(ESG-SFC)
Credit Execution 
Committee (CEC)
Group Chief Executive Officer (GCEO)
Group Chief Risk Officer (GCRO)
Business 
Lines
Group ESG 
Function
Internal 
Audit
Support Functions
1st 
line of 
defence
2nd 
line of 
defence
3rd 
line of 
Defence
ESG support function
Existing structure
Key
FAB’s Approach to 
ESG Governance
It is widely recognised that financial institutions have an 
important role to play in effectively addressing environmental, 
social and governance challenges – for their businesses, 
customers, the wider industry, and society at large.",
first-abu-dhabi-bank,2025,9,sustainable financing,Environmental,Environmental,"First financial 
institution globally to 
issue a low-carbon 
energy bond, worth 
AED 2.8 billion
AED 21.2 billion in 
diversified sustainable 
issuances
Best Achievement 
in Sustainability 
First blue bond 
issued by a financial 
institution in the Gulf 
countries
Strongest combined 
ESG rating profile in 
MENA
Project Finance, 
Outstanding 
Sustainable Initiative 
Thematic bond
 issuances
Sustainable bond 
issuances
Card and Payments 
Awards Middle East 2025 
Thematic bond 
issuances
ESG ratings 
in MENA
MEA Business 
Achievement Awards 2025 
in sustainable financing 
by 2030
21.2
in project financed by 
green, social, blue, low-
carbon energy bonds 
and green sukuk
facilitated in 
sustainable financing 
by 2025
Leading the UAE’s 
evolution towards a 
sustainable economy
Through bold targets and strategic 
regional investment, FAB is defining 
the standard for sustainable banking in 
MENA, turning global challenges into 
opportunities for resilient growth.",
first-abu-dhabi-bank,2025,67,climate risk,Environmental,Environmental,"The 
CRF is integrated into the 
Bank’s existing ESG Risk 
Framework and Environmental 
and Social (E&S) Risk Policy, 
helping to embed climate risk 
considerations within the bank's 
overall business, governance, 
and risk management structures.",
first-abu-dhabi-bank,2025,67,net zero,Environmental,Environmental,"Our progress 
on net zero
Achieving net zero is a 
fundamental climate action, that 
we are committed to advancing 
through increased alignment 
of our business strategy 
with the nation’s Net Zero by 
2050 Strategy and the UAE’s 
updated Nationally Determined 
Contributions (NDCs).",
first-abu-dhabi-bank,2025,76,ESG,Environmental,Environmental,"ESG risk management 
Objectives of the ESRP include: 
G-ESGC responsibilities include reviewing and 
approving the Group’s ESG strategy and progress, 
endorsing the 2050 net zero roadmap, monitoring 
ESG performance and risk metrics (including climate 
risk).",
first-abu-dhabi-bank,2025,84,ESG,Environmental,Environmental,"Total members: 12
MSCI ESG rating – AA
FAB maintained an AA MSCI ESG rating in 2025, the highest 
rating awarded to any bank in the MENA region.",
national-bank-of-kuwait,2023,23,ESG,Environmental,Environmental,"NBK Group ESG Strategy Framework
External Engagement and Recognition 
ESG Ratings 
Pillar 1: Governance for Resilience
Our strong governance framework is built on accountability, trust 
and our values and is fundamental to our long-term organizational 
success.",
national-bank-of-kuwait,2024,3,sustainable finance,Environmental,Environmental,"We have focused on empowering the next generation of customers, cultivating 
leadership, pioneering sustainable finance, leading in environmental transparency, fueling economic growth, 
building a thriving workforce, and investing in our communities.",
national-bank-of-kuwait,2024,9,sustainable finance,Environmental,Environmental,"Throughout 2024, NBK led the way in sustainable finance, 
establishing new standards with impactful initiatives.",
national-bank-of-kuwait,2024,38,sustainability,Environmental,Environmental,"Strategic Review
Risk Management
Risk Management is central to NBK’s strategic objectives, 
ensuring the Bank’s long-term sustainability and profitability.",
national-bank-of-kuwait,2025,71,ESG,Environmental,Environmental,"•	 To increase engagements with corporate clients on the 
management of their ESG and climate risks
•	 To develop a baseline measurement of the Bank’s portfolio 
emissions.",
ooredoo-q-p-s-c,2024,22,ESG,Environmental,Environmental,"ESG metrics will be 
integrated into executive performance indicators by 2025, 
with ongoing annual training in technical, behavioural, 
and digitalisation skills for employees.",
ooredoo-q-p-s-c,2025,20,ESG,Environmental,Environmental,"For a comprehensive view of our sustainability initiatives, performance and 
future plans, we invite you to explore our full 2025 ESG Report that will be 
available on our website in Q2 2026.",
qnb-qatar-national-bank,2020,15,sustainability,Environmental,Environmental,"Another 
reason is our dedication to 
sustainability.",
qnb-qatar-national-bank,2023,35,ESG,Environmental,Environmental,"Stakeholder group
Engagement channel 
Frequency
Impacts, needs and expectations
Customers
Annual customer satisfaction survey 
Annual
	> Customer service and satisfaction 
	> Easy to use and secure digital channels
	> Competitive rates and fees 
	> Access to financing and services
	> Products with a positive impact
	> Robust data privacy
Customer Care Centre
Ongoing
Mobile and online banking 
Complaints management 
Relationship managers
Investors
Annual General Meeting
Annual
	> Strong and stable returns
	> Robust corporate governance, risk 
management and ratings
	> Transparency and disclosure
	> Comprehensive approach to ESG along 
the value chain
Board of Directors’ meeting
Quarterly
Analyst calls
Investor days, roadshows, ongoing dialogue, 
and information requests
Ongoing
Employees
Employee engagement survey
Biennial
	> Competitive salaries, benefits and 
rewards 
	> Professional development 
	> Fairness, diversity and equal 
opportunity 
	> Work-life balance
Training needs analysis
Intranet 
Ongoing
Induction programme 
Learning and development programmes
Performance management
Strategy roadshows
Sustainability and ESG related training
Regulators and 
government
Public disclosures (e.g., Annual and 
Corporate Governance Report)
Annual
	> Compliance with all legal and 
regulatory requirements 
	> Robust anti-corruption and bribery 
measures
	> Strong risk management and 
governance
	> Addressing climate change risks and 
opportunities
GCEO office
Ongoing
Group Compliance and Audit teams
Regulatory working groups
Industry working groups
Banking associations
Ministerial and Central Bank working groups
Information requests",
qnb-qatar-national-bank,2023,62,sustainability,Environmental,Environmental,"As part of a comprehensive sustainability strategy, 
QNB Finansbank launched the “Green Transformation 
Package”, providing free membership to the TOBB 
Carbon Platform in collaboration with TOBB (Union of 
Chambers and Commodity Exchanges of Türkiye) and 
Captanomy (a carbon intelligence and climate finance 
startup).",
qnb-qatar-national-bank,2023,79,ESG,Environmental,Environmental,"We have a Third-Party Supplier Code of Conduct, which is issued to suppliers with the goal 
of enhancing our due diligence in our supply chain and promoting ESG-related topics.",
qnb-qatar-national-bank,2025,39,ESG,Environmental,Environmental,"ESG risk-related dashboards, including climate-related 
issues have been established and are reported to Board 
and Executive oversight committees, at a minimum on 
a quarterly basis.",
qnb-qatar-national-bank,2025,60,sustainable finance,Environmental,Environmental,"This was 
the largest ever EUR-denominated green bond 
issuance from a GCC bank and reflects our steadfast 
commitment towards further development of green 
and sustainable finance products in Qatar and our core 
markets as per our Sustainable Finance and Product 
Framework.",
sohar-international-bank,2023,18,sustainable financing,Environmental,Environmental,"Hanife Ymer
Head of Environment, Social and Governance
Hanife joined Sohar International in July 2022, as Head of Environment, Social and Governance (ESG) and is responsible for 
developing and executing the Bank’s ESG Framework – embedding ESG throughout the Bank – be it through effective ESG risk 
management, or through supporting Sohar International’s stakeholders through sustainable financing solutions.",
sohar-international-bank,2023,28,sustainability,Environmental,Environmental,"This strategic direction aims to shield 
the bank's operations from global economic uncertainties, ensuring steady growth and sustainability.",
the-saudi-national-bank,2025,28,sustainability,Environmental,Environmental,"Authentic Leadership and Transparency
Authentic leadership, integrity, and transparency remain core to 
SNB’s approach to sustainability and governance.",
abu-dhabi-commercial-bank,2024,83,risk management,Governance,Governance,"Technology, automation and AI will be essential 
tools for maintaining an effective and efficient approach to risk management, enabling Group Risk Management to continue 
supporting the business as it expands and as the risk environment grows ever more complex.",
abu-dhabi-commercial-bank,2024,104,governance,Governance,Governance,"The BRC also supervises capital 
adequacy and addresses a range of risks, including those related 
to credit, interest rate, liquidity, market conditions, operational 
matters, third parties (including outsourcing), information security, 
and Shari’ah non-compliance risk governance.",
abu-dhabi-commercial-bank,2024,106,governance,Governance,Governance,"In recognition of the growing role of emerging technologies in 
the financial industry, and the enhanced focus on governance, 
ADCB has added ‘anti-bribery and corruption’, ‘digital risk’  
and ‘fraud risk’ to its existing ‘principal risks’ in the Bank’s risk 
management framework, which now totals 17 principal risks.",
abu-dhabi-commercial-bank,2024,122,risk management,Governance,Governance,"In line with this, a core focus for the Committee has been  
the assessment and approval of credit proposals in support  
of ADCB’s accelerated growth, while maintaining a strong 
emphasis on effective risk management.",
abu-dhabi-commercial-bank,2025,96,governance,Governance,Governance,"As AI becomes more embedded 
in the organisation, the Board 
oversaw further development 
of the Bank’s responsible AI 
governance framework to ensure 
secure, transparent and well-
controlled adoption.",
abu-dhabi-national-energy-company,2024,89,governance,Governance,Governance,"KPIs INTEGRATION
Achieve Net Zero Scope 1 and 2 
GHG emissions by 2050
Reduce Scope 1 and 2 GHG 
emissions across the Group by 
25% and in UAE by 33% by 2030 
compared to the 2019 base year
Enhance climate resilience and 
adaptation
CLIMATE 
CHANGE
WATER AND 
EFFLUENTS
OCCUPATIONAL 
HEALTH AND SAFETY 
DIVERSITY AND  
EQUAL OPPORTUNITY 
LOCAL COMMUNITY 
ENGAGEMENT 
CORPORATE 
GOVERNANCE 
Reduce energy consumption 
for desalination by expanding 
highly efficient reverse osmosis 
technologies to make up two-
thirds of desalination by 2030
Reduce losses in water 
distribution by 25% in 2030 
compared to 2021 base year
Increase transparency of 
reporting
Prevent incidents through 
consistent application of 
standards and a culture of 
learning
Reinforce diversity across four 
groups: gender, age, nationality 
and People of Determination
Have 30% women in management 
positions by 2030
Focus group CSR efforts on two 
themes: Education Equality and 
Environment
Increase CSR spend above current 
levels both nationally and globally
Continue adoption of governance 
best practices beyond local 
regulations and requirements
ENVIRONMENT
SOCIAL
GOVERNANCE
TAQA'S ESG STRATEGY",
abu-dhabi-national-energy-company,2025,80,governance,Governance,Governance,"Continued investment in people, partnerships, and 
governance enabled strong operational performance 
and alignment with internationally recognised 
standards of excellence2.",
al-rajhi-bank,2021,52,cybersecurity,Governance,Governance,"Al Rajhi continues to maintain complete 
compliance with SAMA as well as the 
National Cybersecurity Authority (NCA) 
on regulations and directives concerning 
cybersecurity, data protection and 
electronic interbank fund transfers.",
al-rajhi-bank,2022,75,governance,Governance,Governance,"Names of the companies inside and outside the Kingdom in which a Board 
Member is a manager or a member of their current or previous Board
Member name
Names of companies 
where the Board 
Member is a member 
of the current Boards 
or one of their 
directors
Inside/ 
outside 
the 
Kingdom
Legal entity
Names of companies 
where the Board 
Member is a member 
of the previous 
Boards or one of their 
directors
Inside/ 
outside the 
Kingdom
Legal entity
Abdullah bin 
Sulaiman  
Al Rajhi
•	 Al Rajhi 
Company for 
Cooperative 
Insurance (Al 
Rajhi Takaful)
•	 Al Rajhi Capital
•	 Al Rajhi Holding 
Group
•	 Farabi 
Petrochemicals 
Company
•	 Indoor and 
Outdoor Floor 
Fabrics Solutions 
Holding 
Company
•	 Al Ajial Holding 
Company
•	 Erth Al-Awtan 
Real Estate 
Development 
Company
•	 Nagiz 
Investment 
Holding 
Company
•	 Mirath Holding 
Company
Inside the 
Kingdom
•	 Listed 
joint-stock 
company
•	 Closed 
joint-stock 
company
•	 Closed 
joint-stock 
company
•	 Closed 
joint-stock 
company
•	 Closed 
joint-stock 
company
•	 Closed 
joint-stock 
company
•	 Limited 
liability 
company
•	 Limited 
liability 
company
•	 Limited 
liability 
company
•	 Al Rajhi Bank 
(CEO)
•	 Saudi Carpet 
Supplies 
Manufacturing 
Company
•	 Jubail Saudi 
Company for 
Flooring Fabric 
Solutions
•	 Green Vision for 
Artificial Grass 
Company
•	 Al Farabi 
Investment 
Company
•	 Farabi Yanbu 
Petrochemicals 
Company
•	 Farabi 
Transformation 
Industries 
Company
Inside the 
Kingdom
•	 Listed 
joint-stock 
company
•	 Limited 
liability 
company
•	 Limited 
liability 
company
•	 Limited 
liability 
company
•	 Limited 
liability 
company
•	 Limited 
liability 
company
•	 Limited 
liability 
company
Ibrahim Bin 
Mohammed  
Al Rumaih
•	 The Saudi 
Arabian 
Investment 
Company
Inside the 
Kingdom
•	 Unlisted 
company
•	 The Saudi 
Arabian 
Investment 
Company (CEO)
•	 National 
Commercial Bank
•	 ACWA Power
Inside the 
Kingdom
•	 Unlisted 
company
•	 Listed 
joint-stock 
company
•	 Unlisted 
company
Member name
Names of companies 
where the Board 
Member is a member 
of the current Boards 
or one of their 
directors
Inside/ 
outside 
the 
Kingdom
Legal entity
Names of companies 
where the Board 
Member is a member 
of the previous 
Boards or one of their 
directors
Inside/ 
outside the 
Kingdom
Legal entity
Abdulaziz  
bin Khalid  
Al Ghufaily
•	 Al Rajhi Capital
•	 The National 
Petrochemical 
Industrial 
Company 
(NATPET)
Inside the 
Kingdom
•	 Unlisted 
company
•	 Unlisted 
company
•	 Industrialisation 
& Energy Services 
Company
•	 Riyadh 
Hotels and 
Entertainment 
Company
•	 Saudi Industries 
Development 
Company
•	 Tabuk Agriculture 
Development 
Company
•	 National Medical 
Care Company
•	 Herfy Food 
Company
•	 Panda Retail 
Company
•	 Savola Group
•	 Savola Foods 
Company
Inside the 
Kingdom
•	 Unlisted 
company
•	 Unlisted 
company
•	 Unlisted 
company
•	 Listed 
joint-stock 
company
•	 Listed 
joint-stock 
company
•	 Unlisted 
company
•	 Unlisted 
company
•	 Listed 
joint-stock 
company
•	 Unlisted 
company
Badr bin 
Mohammed  
Al Rajhi
•	 Mohammed 
Abdulaziz Al-
Rajhi and Sons 
Investment 
Company
•	 Al-Rajhi Steel 
Industries 
Company
•	 Berain Company
•	 The Saudi 
Company 
for Tourism 
Development
•	 Al-Jazira Home 
Appliances 
Company
•	 Al Motahedhoun 
Al Uzamaa 
Company
•	 Al Bader Zaher 
Investment
Inside the 
Kingdom
•	 Closed 
joint-stock 
company
•	 Closed 
joint-stock 
company
•	 Closed 
joint-stock 
company
•	 Closed 
joint-stock 
company
•	 Closed 
joint-stock 
company
•	 Closed 
joint-stock 
company
•	 Limited 
liability 
company
•	 Falcon Plastic 
Products 
Company
Inside the 
Kingdom
•	 Closed 
joint-stock 
company
governance
governance",
al-rajhi-bank,2025,239,corporate governance,Governance,Governance,"Date
Ibrahim bin 
Mohammed 
Alromaih
Chairman
Abdulaziz 
bin Khalid 
Alghufaily
Member
Raeed bin 
Abdullah Al 
Tamimi
Member
Mansour bin 
Abdulaziz 
Albosaily
Member
27 January 2025
15 May 2025
26 October 2025
18 December 2025
C 	 Governance Committee 
The main purpose of the Governance Committee is to support and maintain the highest standards 
in corporate governance, on behalf of the Board of Directors, by ensuring that sound governance 
practices are followed in all activities carried out by the bank through conducting a review of the general 
governance framework and related mechanisms.",
al-rajhi-bank,2025,273,internal control,Governance,Governance,"Based on ongoing evaluations, alrajhi bank 
confirms that it maintains an effective and 
adequate internal control system that operates 
appropriately and is continuously monitored and 
enhanced.",
alinma-bank,2023,9,governance,Governance,Governance,"With a firm commitment to governance, Alinma Bank's 
framework, systems, and procedures ensure the highest 
standard of risk management.",
alinma-bank,2025,46,internal control,Governance,Governance,"This involved adopting prescribed 
standards, policies, and procedures; establishing robust 
internal controls and risk management systems; 
continuously monitoring emerging fraud trends and 
techniques; and ensuring robust governance and compliance 
within the organization with independent oversight 
committees.",
almarai,2021,109,risk management,Governance,Governance,"The Committee shall be responsible for the following:
•	 Examining and reviewing the Company’s risk 
management policies
•	 Developing a strategy and comprehensive policies 
for risk management that are consistent with the 
nature and volume of the Company’s activities, 
monitoring their implementation, and reviewing and 
updating them based on the Company’s internal and 
external changing factors
•	 Determining and maintaining an acceptable level of 
risk that may be faced by the Company and ensuring 
that the Company does not go beyond such level
•	 Ensuring the feasibility of the Company’s 
continuation, the successful continuity of its activities 
and determining the risks that threaten its existence 
during the following 12 months
•	 Overseeing the Company’s risk management system 
and assessing the effectiveness of the systems 
and mechanisms for determining and monitoring 
the risks that threaten the Company in order to 
determine areas of inadequacy therein
•	 Regularly reassessing the Company’s ability to 
manage risks and to be exposed to such risks
•	 Preparing detailed reports on the exposure to risks 
and the recommended measures to manage such 
risks, and presenting them to the Board
•	 Providing recommendations to the Board on matters 
related to risk management
•	 Ensuring the availability of adequate resources and 
systems for risk management
•	 Reviewing the organizational structure pertaining to 
risk management and providing recommendations 
regarding the same before approval by the Board
•	 Verifying the independence of risk management 
employees from activities that may expose the 
Company to risk
•	 Ensuring that risk management employees 
understand the risks threatening the Company and 
seeking to raise awareness of the culture of risk
•	 Reviewing any issues raised by the Audit Committee 
that may affect the Company’s risk management
Risk Management Committee Meetings During 2021
During 2021, the Risk Management Committee held four meetings.",
almarai,2022,59,internal control,Governance,Governance,"Such 
awareness is the foundation of all other components of 
internal control.",
aluminium-bahrain-alba,2025,12,governance,Governance,Governance,"Alba’s governance framework is anchored in, 
and consistently aligned with, the following principal governance 
instruments:
The Board of Directors exercises ultimate responsibility for 
ensuring compliance with the applicable governance and 
regulatory requirements and for maintaining an effective and 
transparent governance structure across Alba.",
baladna,2025,86,fraud,Governance,Governance,"These responsibilities include the design, implementation, operation and maintenance of adequate internal financial controls 
that if operating effectively would ensure the orderly and efficient conduct of its business, including:
-	
adherence to Group’s policies;
-	
the safeguarding of its assets;
-	
the prevention and detection of frauds and errors;
-	
the accuracy and completeness of the accounting records;
-	
the timely preparation of reliable financial information; and 
-	
compliance with applicable laws and regulations, including the QFMA’s law and relevant legislations and the Governance Code 
for Companies & Legal Entities Listed on the Main Market issued by the QFMA’s Board pursuant to Decision No. (",
bank-muscat-bkmb,2025,42,governance,Governance,Governance,"Board Nomination and Compensation Committee (BNCC):
The Bank has a Board appointed Nomination and Compensation Committee whose primary objectives are; 
• setting the principles, parameters and governance framework for the Bank’s compensation policy; and
• ensuring the Bank is equipped to meet standards of international best practices.",
bank-muscat-bkmb,2025,84,fraud,Governance,Governance,"To mitigate the same, the Bank continuously runs cyber fraud awareness campaigns for the 
staff and customers across multiple channels, both independently and in collaboration with relevant authorities 
such as Royal Oman Police (ROP).",
bupa-arabia-for-cooperative-insurance-company,2022,6,corporate governance,Governance,Governance,"In accordance 
with appropriate corporate governance, 
the company held quarterly Board 
meetings in 2009 and also put in place 
board committees overseeing the areas 
of investment strategy, internal audit 
and control, and remuneration and 
nomination.",
dubai-investment,2022,22,risk management,Governance,Governance,"Financial risk management  
 
Overview  
 
The Group has exposure to the following risks arising from financial instruments: 
 
• 
credit risk 
• 
liquidity risk  
• 
market risk  
 
Risk management framework  
 
The Company’s Board of Directors has overall responsibility for the establishment and oversight of the 
Group’s risk management framework.",
emaar-properties,2024,80,risk management,Governance,Governance,"ISO 22301:2019 for Business 
Continuity Management - 
Emaar Entertainment
To further enhance our risk processes and 
maturity, we are actively implementing 
practices to enhance our internal control 
environment and integrate risk management 
principles into our daily operations.",
emaar-properties,2025,96,governance,Governance,Governance,"Guided by international best 
practices and aligned with regulatory requirements, the governance 
framework promotes integrity, transparency, accountability and 
ethical conduct across all operations, ensuring that we retain the 
trust of our key stakeholders.",
emaar-properties,2025,137,corporate governance,Governance,Governance,"In 2025, he joined Emaar 
as Deputy Board Secretary, and contributed to the 
company’s corporate governance framework.",
emirates-nbd-pjsc,2023,44,governance,Governance,Governance,"•	 H.E. AlHashimi completed the Mohammed bin Rashid Center for Leadership Development programme and received a 
Certificate from IMD for Board governance.",
emirates-nbd-pjsc,2024,52,governance,Governance,Governance,"The role covers direct management and oversight of 
business growth and initiatives, operational efficiencies, governance and controls, in collaboration 
with the relevant Group stakeholders, in order to achieve the business growth and profitability targets 
set by the Group for its international businesses.",
emirates-nbd-pjsc,2025,56,corporate governance,Governance,Governance,"He is recognised for his profound understanding of the financial 
sector, corporate governance, and strategic planning, which stems 
from his extensive leadership experience as Chairman of AlOwais 
Group and his ability to integrate risk management, regulatory 
compliance, and ESG principles into sustainable business growth.",
emirates-nbd-pjsc,2025,62,governance,Governance,Governance,"Group corporate  
governance framework 
The Group remains committed to maintaining robust and effective corporate governance that 
underpins its long-term development and performance.",
emirates-nbd-pjsc,2025,64,risk management,Governance,Governance,"Islamic banking
Allocation of capital, M&A, investment and asset 
management
Commercial banking
Human resources / remuneration / corporate 
Governance
Audit financial accounting reporting and tax
Stakeholder (management and engagement)
Business development and strategic planning
Digital banking
Regulatory legal and compliance
Innovation and pipeline management 
Environment, Social, and Governance (ESG)
Risk management
Technology / cybersecurity / AI",
emirates-nbd-pjsc,2025,65,governance,Governance,Governance,"Its key responsibilities include:
Risk management 
Establish and oversee the 
implementation of an effective risk 
governance framework, Risk Appetite 
statement, and risk management 
processes and culture across the Group.",
first-abu-dhabi-bank,2021,23,governance,Governance,Governance,"Compliance at FAB
In accordance with the UAE 
Central Bank corporate 
governance requirements, 
the Group Compliance 
reporting line is to the Group 
Chief Executive Officer.",
first-abu-dhabi-bank,2024,13,risk management,Governance,Governance,"Our solid capital and liquidity 
positions and disciplined risk management 
form the foundation of our ability to deliver 
resilient and sustainable growth.",
first-abu-dhabi-bank,2025,67,governance,Governance,Governance,"The 
CRF is integrated into the 
Bank’s existing ESG Risk 
Framework and Environmental 
and Social (E&S) Risk Policy, 
helping to embed climate risk 
considerations within the bank's 
overall business, governance, 
and risk management structures.",
first-abu-dhabi-bank,2025,86,governance,Governance,Governance,"Risk governance
Data governance
Risk governance refers to the formal structure that supports risk-
based decision-making and oversight across the Group’s operations.",
first-abu-dhabi-bank,2025,98,executive compensation,Governance,Governance,"In 2025, REMCO 
conducted a comprehensive 
review of FAB’s rewards 
strategy, introducing long-
term incentives to align senior 
executive compensation with 
the Bank’s long-term objectives.",
kuwait-finance-house,2024,70,risk management,Governance,Governance,"Fourth: Risk management
Risk management is an integral part of the Group’s decision-making processes.",
kuwait-finance-house,2024,71,governance,Governance,Governance,"In compliance with CBK instructions 
issued on 9 October 2019 regarding governance and regulations in Kuwaiti banks, the Cybersecurity Risk 
Management unit assumed responsibility for continuous monitoring, detection, and prevention of external 
security threats which may impact the availability and integrity of both internal and external data.",
kuwait-finance-house,2024,74,risk management,Governance,Governance,"However other parties within the organization contribute to ensuring the 
liquidity risk management framework is in place and operating effectively:
Board of Directors / Board risk Committee: The Board is ultimately responsible for ensuring effective 
liquidity risk management.",
kuwait-finance-house,2025,73,governance,Governance,Governance,"Under the framework of KFH's overall risk governance, a specialized unit was established to manage 
information security and cybersecurity risks considering the increasing importance of information 
security in banking and financial sectors, and to face the challenges arising from risks resulting from 
the rapid development of modern technologies used in the banking industry.",
national-bank-of-kuwait,2023,37,internal control,Governance,Governance,"In our opinion, having 
regard to the nature and size of the group’s operations, during the 
year ended 31 December 2022, the accounting and other records 
and internal controls systems, in the areas examined by us, were 
established and maintained satisfactorily in accordance with 
the requirements of the Manual of General Directives concerning 
Internal Control Reviews issued by the Central Bank of Kuwait on 14 
November 1996, CBK instructions dated 20 June 2012 concerning 
Corporate Governance Rules and Systems at Kuwaiti Banks and 
its subsequent amendments dated 10 September 2019 and 
the CBK instructions dated 14 May 2019 concerning Combating 
Money Laudering Operations and Financing of Terrorism, and CBK 
instruction dated 9 February 2012 on maintenance of confidential 
information and data related to the customer information with the 
exception of the matters set out in the report.",
national-bank-of-kuwait,2024,71,governance,Governance,Governance,"•	 Reviewed Group Compliance & Governance reports regarding regulatory parties’ instructions, local and international regulatory 
compliance, importance correspondences with Central bank of Kuwait, disclosures to Capital Markets Authority and Boursa 
Kuwait Company and updates regarding compliance and governance for local and overseas subsidiaries and overseas branches.",
national-bank-of-kuwait,2024,87,risk management,Governance,Governance,"Key features of corporate credit risk management
•	
Corporate credit facilities are granted based on detailed 
credit risk assessments which consider the purpose of the 
facility and source of repayment, prevailing and potential 
macro-economic factors, industry trends and the customer’s 
positioning within its industry peer-group.",
national-bank-of-kuwait,2025,8,governance,Governance,Governance,"Guided by disciplined governance, strategic 
prudence, and sustained investment in innovation and human 
capital, our strength lies in setting direction, reinforcing trust as 
a foundational asset, and acting as a catalyst for sustainable 
progress across Kuwait and the wider region.",
national-bank-of-kuwait,2025,100,risk management,Governance,Governance,"Group Risk Management
NBK Group’s risk management framework is integral to its 
operations and culture and it seeks to manage risk in a 
structured, systematic manner through a global risk policy, which 
embeds comprehensive risk management into the organizational 
structure, risk measurement and monitoring processes.",
national-bank-of-kuwait,2025,108,governance,Governance,Governance,"Governance
1.",
qatar-gas-transport-co-nakilat,2024,32,board of directors,Governance,Governance,"The board of directors has a balanced and right 
mixture of skillset, education, knowledge, and 
expertise to effectively manage the Company and 
protect its best interest of Company, partners, 
shareholders and other stakeholders.",
qatar-gas-transport-co-nakilat,2025,32,internal control,Governance,Governance,"The 
proposal shall include control mechanism, duties and 
functions of the company’s departments and sections, its 
provisions and procedures of responsibility, and 
awareness and education programs for employees about 
the importance of self-control and internal controls.",
qnb-qatar-national-bank,2020,30,cybersecurity,Governance,Governance,"For that reason, we consider 
cybersecurity as a top priority and a 
top concern for our institution, 
including our Board and C-suite.",
qnb-qatar-national-bank,2025,113,governance,Governance,Governance,"When we read the complete Annual Report 2025, if we 
conclude that there is a material misstatement therein, 
we are required to communicate the matter to those 
charged with governance.",
the-saudi-national-bank,2025,54,risk management,Governance,Governance,"The operational risk management strategy includes:
•	 Adopting a proactive approach to reduce operational risks through self-assessment of risks and controls
•	 Defining and analyzing operational risk events and any losses arising from them
•	 Implementing programs to raise awareness of operational risks and promoting a culture of mitigating risks
•	 Preparing comprehensive periodic reports on operational risk controls and their effectiveness
•	 Developing operational risk management practices to maintain a stable work environment and contribute to achieving the Bank’s 
strategic aspirations.",
abdullah-al-othaim-markets,2022,32,zakat,Social,Social,"F) Zakat al-Fitr vouchers initiative:
They are the vouchers that are sold for the purpose of paying zakat on behalf of the actual payer, and 
they are in the category of (20 riyals - 100 riyals - 200 riyals).",
abu-dhabi-commercial-bank,2024,55,community development,Social,Social,"In July 2024, ADCB was honoured by H.H. Sheikh 
Mohamed Bin Zayed Al Nahyan, the President of the 
UAE, for the Bank’s support of Ma’an’s social priorities 
and community development initiatives.",
abu-dhabi-national-energy-company,2024,89,CSR,Social,Social,"KPIs INTEGRATION
Achieve Net Zero Scope 1 and 2 
GHG emissions by 2050
Reduce Scope 1 and 2 GHG 
emissions across the Group by 
25% and in UAE by 33% by 2030 
compared to the 2019 base year
Enhance climate resilience and 
adaptation
CLIMATE 
CHANGE
WATER AND 
EFFLUENTS
OCCUPATIONAL 
HEALTH AND SAFETY 
DIVERSITY AND  
EQUAL OPPORTUNITY 
LOCAL COMMUNITY 
ENGAGEMENT 
CORPORATE 
GOVERNANCE 
Reduce energy consumption 
for desalination by expanding 
highly efficient reverse osmosis 
technologies to make up two-
thirds of desalination by 2030
Reduce losses in water 
distribution by 25% in 2030 
compared to 2021 base year
Increase transparency of 
reporting
Prevent incidents through 
consistent application of 
standards and a culture of 
learning
Reinforce diversity across four 
groups: gender, age, nationality 
and People of Determination
Have 30% women in management 
positions by 2030
Focus group CSR efforts on two 
themes: Education Equality and 
Environment
Increase CSR spend above current 
levels both nationally and globally
Continue adoption of governance 
best practices beyond local 
regulations and requirements
ENVIRONMENT
SOCIAL
GOVERNANCE
TAQA'S ESG STRATEGY",
abu-dhabi-national-energy-company,2025,95,CSR,Social,Social,"These include the CSR 
Steering Group, HSSE 
Committee, HQ HSSE 
& Wellbeing Committee, 
People Committee and 
other working groups 
or interim committees 
established to manage 
ESG matters.",
abu-dhabi-national-oil-company-for-distribution,2022,41,CSR,Social,Social,"This mixture of elements works 
collectively to shape our unique 
corporate social responsibility (CSR) 
agenda.",
abu-dhabi-national-oil-company-for-distribution,2024,43,supply chain,Social,Social,"Mr. Mohammed Omar is a seasoned HR 
professional with over 21 years of experience, 
bringing a wealth of expertise from multinational 
corporations across diverse industries, including 
oil & gas, banking, maritime, utilities, logistics, 
and supply chain.",
al-rajhi-bank,2021,94,health and safety,Social,Social,"Parental leave by gender
Numbers for Al Rajhi bank KSA
Female
Male
Number of employees  
  who took parental  
  leave, by gender
Number of employees  
  who returned to work  
  after parental leave,  
  by gender
Number of employees  
  who returned to work  
  after parental leave  
  who were still employed 
  12 months after return,  
  by gender
Engagement and inclusivity 
While the Bank upholds recognised 
standards and principles for labour 
practices, employee wellbeing and 
occupational health and safety, it also 
strives to ensure safe and fair working 
conditions and practices, and to create 
an environment that allows employees 
to flourish.",
al-rajhi-bank,2023,28,customer satisfaction,Social,Social,"In this context, the 
Bank adopts the following: 
•	 Diligently following up on the “Voice of the 
Customer” index and focusing on potential 
areas that could trigger complaints to uphold 
our leading position in consumer rankings 
and ensuring customer satisfaction remains 
paramount.",
al-rajhi-bank,2023,107,customer satisfaction,Social,Social,"Customer engagement was driven by monthly 
customer satisfaction surveys conducted by the 
overseas branch, where customer suggestions 
and inputs are thoroughly evaluated, with 
necessary changes or improvements carried 
out on products and services to better address 
customer demands.",
al-rajhi-bank,2023,161,financial inclusion,Social,Social,"The Bank’s rapid adoption and scalability of 
digital infrastructure including virtual and mobile 
banking platforms, has also greatly contributed 
to the introduction of innovative approaches 
to increasing financial inclusion, especially 
with underserved demographics.",
al-rajhi-bank,2025,172,community development,Social,Social,community development: focus areas,
al-rajhi-bank,2025,178,financial literacy,Social,Social,"The branch focused on entrepreneurial 
development and improving financial literacy, 
while also encouraging employees to actively 
participate in charitable giving through Zakat  
and Waqf programmes.",
al-rajhi-bank,2025,188,customer satisfaction,Social,Social,"Gold winner: Long-
lasting relationship
Marcom awards for Ramadan 
Campaign by TTP Creative agency
Best Customer 
Loyalty and Rewards 
Programme
Tab Mena Finance Awards
customer satisfaction",
aldar-properties-pjsc,2024,74,accessibility,Social,Social,"Pedestrian-friendly pathways, 
communal buggies, and bicycles enhance accessibility, 
while its integration into Yas Island ensures access to 
nature, education, and top-tier amenities.",
alinma-bank,2022,17,accessibility,Social,Social,"Moreover, to improve market accessibility, customer centricity, and 
innovation incubation, a fintech partnership strategy was formed to 
create strategic collaborations with fintech companies, with the  
aim of making Alinma a focal point of digital innovation in the market.",
alinma-bank,2023,82,CSR,Social,Social,"These departments played 
a crucial role in overseeing our sustainability and CSR 
initiatives to leverage our scale, focus our resources, and 
maximize our positive impact.",
alinma-bank,2024,29,customer satisfaction,Social,Social,"Customer satisfaction was also 
prioritized, maintaining rigorous Net Promoter Score 
(NPS) monitoring and making strides toward achieving 
the top position among local banks.",
alinma-bank,2024,29,financial inclusion,Social,Social,"One 
highlight was the launch of the “iz” banking channel, a 
dynamic platform tailored to engage the youth segment 
under a fresh new brand, reflecting the Bank’s 
commitment to fostering financial inclusion and 
addressing the needs of younger customers.",
alinma-bank,2025,54,customer satisfaction,Social,Social,"Digital transaction volumes increased 
significantly over the period, customer satisfaction reached 
industry-leading levels, financial transactions saw annual 
growth of 17%, and cost-to-serve improved as more activity 
shifted to efficient self-service channels.",
alinma-bank,2025,74,financial inclusion,Social,Social,"Material matter
Pillar
ESG element
Most important
Responsible customer relations and satisfaction
Empower our customers
S
Talent attraction, retention, and development
Build a thriving workplace
S
Data privacy and cybersecurity
Drive robust governance and responsible operations
G
Digitalization and innovation
Empower our customers
G
Governance, accountability, transparency, and ethics
Drive robust governance and responsible operations
G
Systemic risk management
Drive robust governance and responsible operations
G
Climate change and circular carbon economy
Foster environmental stewardship and enable a circular 
carbon economy
E
Highly important 
Diversity, equity, and inclusion
Build a thriving workplace
S
Employee engagement and well-being
Build a thriving workplace
S
Financial inclusion and community investment
Strengthen our communities and contribute to greater 
financial inclusion
S
Financial and economic performance
Empower our customers
G
Sustainable financing and investment
Accelerate sustainable finance
G
Important 
Environmental impact and natural resource protection
Foster environmental stewardship and enable a circular 
carbon economy
E
Responsible procurement and localization 
Strengthen our communities and contribute to greater 
financial inclusion
S
Community engagement and empowerment 
Strengthen our communities and contribute to greater 
financial inclusion
S
Nationalization
Build a thriving workplace
S
Our Approach continued
Materiality assessment
To identify the ESG topics of greatest importance to our Stakeholders, alinma undertook a detailed materiality 
assessment informed by local and international frameworks as well as comprehensive peer assessments.",
almarai,2021,16,customer satisfaction,Social,Social,"Finally, I am indebted to our employees throughout the 
company for their continued commitment to delivering 
exceptional customer satisfaction amongst our 
consumers and driving our shared success.",
almarai,2025,77,health and safety,Social,Social,"We apply a duty-of-care framework that 
requires health and safety risks associated with 
contracted activities to be identified, assessed, and 
managed within the same management system 
principles.",
almarai,2025,78,health and safety,Social,Social,"Building Safety Capability
Training and capability building remained central to our 
health and safety approach during the year.",
aluminium-bahrain-alba,2021,65,CSR,Social,Social,"Much of Alba’s CSR activities focused on increasing awareness 
-- various in-house sessions throughout the year were held in 
respect to public health, pedestrian safety, protection again 
COVID-19 Pandemic, and life choices that can impact the 
environment by using virtual communication platforms.",
aluminium-bahrain-alba,2022,21,supply chain,Social,Social,"•     The Company relies on third-party suppliers for certain raw 
materials, and any disruption in its supply chain or failure 
to renew these contracts at competitive prices may have 
an adverse impact on the Company’s financial condition, 
operations, and prospects.",
baladna,2023,56,supply chain,Social,Social,"Mr. Zialnon has extensive experience in governance, 
compliance, and supply chain management, along with proven expertise in corporate policy management, delegation of 
authority, and business process engineering.",
bank-muscat-bkmb,2025,7,CSR,Social,Social,"Contents
Chairman’s Report 	
Members of the Board	
Corporate Governance Statement	
Pillar III Disclosures	
Meethaq Pillar III Disclosures	
Management Team	
Management Discussion & Analysis	
CSR & Sustainability Summary	
Financial Review	
Meethaq Financial Review	
Ten-Year Summary	
Financial Statements	
Meethaq Financial Statements",
bank-muscat-bkmb,2025,115,financial inclusion,Social,Social,"The retail Banking segment continued to empower individuals and families by expanding access 
to personal financing, housing loans, and digital Banking solutions, thereby enhancing financial inclusion 
and supporting household stability.",
bank-muscat-bkmb,2025,117,financial inclusion,Social,Social,"Further enhancing 
customer convenience and financial inclusion, Meethaq enabled additional account openings through 
the National e-KYC platform with zero physical paperwork, expanding access beyond major cities such 
as Muscat and Salalah.",
dar-al-arkan-real-estate-development-company,2024,55,supply chain,Social,Social,"This upward trend reflects a renewed 
focus on strengthening supply chain strategy.",
emaar-properties,2024,91,health and safety,Social,Social,"Disclosure
Location
Section
Page Number
UN SDG
GRI 403: Occupational Health and Safety 2018
403-1 Occupational health and safety management system
Health, Safety and Well-being
55-58
403-2 Hazard identification, risk assessment, and incident investigation
Health, Safety and Well-being
55-58
403-3 Occupational health services
Health, Safety and Well-being
55-61
403-4 Worker participation, consultation, and communication on occupational health and safety
Health, Safety and Well-being
55-58
403-5 Worker training on occupational health and safety
Health, Safety and Well-being 
ESG Data Pack; Health, Safety and Well-being
55-58 
403-6 Promotion of worker health
Health, Safety and Well-being 
ESG Data Pack; Health, Safety and Well-being
55-58 
403-8 Workers covered by an occupational health and safety management system
Health, Safety and Well-being
55-58
403-9 Work-related injuries
Health, Safety and Well-being 
ESG Data Pack; Health, Safety and well-being
55-58 
403-10 Work-related ill health
Health, Safety and Well-being 
ESG Data Pack; Health, Safety and Well-being
55-58 
GRI 404: Training and Education 2016
404-1 Average hours of training per year per employee
Training and Development 
ESG Data Pack; Training and Development
404-2 Programmes for upgrading employee skills and transition assistance programmes
Training and Development 
ESG Data Pack; Training and Development
404-3 Percentage of employees receiving regular performance and career development reviews
Training and Development 
ESG Data Pack; Training and Development
GRI 405: Diversity and Equal Opportunity 2016
405-1 Diversity of governance bodies and employees
Diversity and Inclusion
Board of Directors
Principle Officers
63-64
 
GRI 408: Child Labour 2016
408-1 Operations and suppliers at significant risk for incidents of child labour
Human Rights
Responsible Procurement
GRI 409: Forced or Compulsory Labour 2016
409-1 Operations and suppliers at significant risk for incidents of forced or compulsory labour
Human Rights
Responsible Procurement
GRI 413: Local Communities 2016
413-1 Operations with local community engagement, impact assessments, and development programmes
Maximising social value
52-71
413-2 Operations with significant actual and potential negative impacts on local communities
Human Rights 
Responsible Procurement
	
ESG DATA PACK
	
GRI CONTENT INDEX",
emaar-properties,2024,92,health and safety,Social,Social,"Disclosure
Location
Section
Page Number
UN SDG
GRI 414: Supplier Social Assessment 2016
414-1 New Suppliers Screened for Social Criteria
Responsible Procurement
414-2 Negative Social Impacts in the Supply Chain and Actions Taken
Responsible Procurement
GRI 415: Public Policy 2016
415-1 Political contributions
Stakeholder Engagement
36-37
GRI 416: Customer Health and Safety 2016
416-1 Assessment of the health and safety impacts of product and service categories
Sustainable Building Certifications
GRI 417: Marketing and Labelling 2016
417-1 Requirements for product and service information and labelling
Responsible Marketing Practices
GRI 418: Customer Privacy 2016
418-1 Substantiated complaints concerning breaches of customer privacy and losses of customer data
Data Privacy and Security
Country-specific metrics
LEED or Equivalent certified properties
Sustainable Building Certifications
	
ESG DATA PACK
	
GRI CONTENT INDEX",
emirates-nbd-pjsc,2025,30,community development,Social,Social,"•	 Emirates NBD Egypt deepened its 
commitment to sustainability by 
scaling green finance solutions, 
improving environmental-footprint 
disclosures, and contributing 
to community development 
programmes.",
emirates-telecom-etisalat-group,2023,73,health and safety,Social,Social,"Value chain impact:
Key stakeholders: 
Local 
Communities
Governments
Employees
Customers
Regulators
Suppliers
Policies: 
•	 e& Group Occupational Health and Safety Policy
•	 e& Code of Conduct
•	 e& Supplier Code of Conduct
Our management approach
At e&, we subscribe to the highest standards of workplace health and safety.",
emirates-telecom-etisalat-group,2023,74,CSR,Social,Social,"When determining which initiatives to engage in, e& is guided by the following CSR pillars 
and themes: 
Pillar
Theme
Philanthropic 
and humanitarian 
responsibility
We partner with the UAE Government, charity 
organisations and NGOs for maximum impact
Society development
We support the national agenda and initiatives
Social impact
We empower people with disabilities, start-ups and 
incubators 
Volunteering
By providing our employees with opportunities to 
volunteer, we enhance the sense of giving and 
participation among our own teams 
Connect
As a technological organisation, we can empower 
and train (students and teachers) in technology, 
cybersecurity, coding, blockchain, etc.",
emirates-telecom-etisalat-group,2023,82,customer satisfaction,Social,Social,"There are various ways in which we measure customer 
satisfaction:
•	 A Net Promoter Score (NPS) survey conducted across all 
products and channels to gauge our customer’s NPS from a 
transactional and relational perspective
•	 Our retail satisfaction score, measuring customer satisfaction 
across e& retail stores
•	 Our first call resolution score, reflecting the quality and 
efficiency of our call centre 
•	 The ratio of customer complaints resolved to total complaints 
received
Listening to our customers
Customers can raise their concerns or complaints through 
multiple digital and traditional communication channels, 
according to their personal preferences.",
first-abu-dhabi-bank,2025,109,CSR,Social,Social,"Aftir 3 Ramadan 
Campaign by FAB
Now in its third year, the Aftir Ramadan Campaign is FAB’s flagship CSR initiative 
during the Holy Month of Ramadan, reflecting the Bank’s deep-rooted commitment to 
community welfare and inclusive engagement.",
kuwait-finance-house,2025,34,accessibility,Social,Social,"This system improves compliance, ensures version control, enhances accessibility, 
and reduces turnaround time.",
national-bank-of-kuwait,2023,7,accessibility,Social,Social,"Our community investment initiatives 
are strategically aligned with key focus areas, including optimizing 
customer service and advocacy, promoting financial inclusion, 
enhancing accessibility and literacy, and ensuring customer 
protection, as well as data privacy and security.",
national-bank-of-kuwait,2024,9,CSR,Social,Social,+ Learn more about NBK’s CSR Initiatives on pages 42-46,
national-bank-of-kuwait,2025,66,community investment,Social,Social,"•	 To develop strategic initiatives on 
financial inclusion and financial 
literacy
•	 To increase corporate philanthropic 
and social responsibility spending in 
line with the SDGs
•	 To incorporate ESG in consumers’ 
journey, advise, and offerings
•	 Empower communities to achieve financial 
independence, confidence and security
•	 Continued and enhanced focus to provide optimal 
customer experience and service excellence
•	 Support national development plans to promote and 
nurture local talent
•	 Expand community investment efforts for optimal impact
•	 Support equitable community and economic 
development
ESG is a defining lens through which businesses are evaluated; 
maintaining stakeholder trust requires a proactive, transparent, 
and value-driven approach.",
oman-telecommunications-company-otel,2025,31,CSR,Social,Social,"Moreover, our Corporate Social 
Responsibility (CSR) mission aims to enable 
the Omani society by building a digitally 
competent and connected community, 
and contributing to the sustainable 
development of Oman.",
qnb-qatar-national-bank,2020,13,community investment,Social,Social,"We believe that successful financial 
performance is driven by a disciplined 
approach to sustainable financing, 
sustainable operations and beyond 
banking (community investments).",
qnb-qatar-national-bank,2020,17,supply chain,Social,Social,"Globally, SMEs 
are navigating a long list of 
disruptions, ranging from dramatic 
loss of income in some sectors due to 
enforced lockdowns, interrupted 
supply chains, difficulty in managing 
Domestic corporate
QNB’s loan book in 2020 was robust 
and continued to be resilient despite 
the volatility and uncertainty caused 
by the COVID-19 pandemic.",
qnb-qatar-national-bank,2023,46,financial inclusion,Social,Social,"As an 
additional theme within our sustainable financing efforts 
for SMEs, we continued to drive financial inclusion and 
private sector engagement through digitisation.",
qnb-qatar-national-bank,2024,116,financial inclusion,Social,Social,"We also offer 
sponsorship deals and fundraising opportunities that 
help to underpin the success of many important causes, 
such as better healthcare, diversity and inclusion, 
sustainability, technology, financial inclusion and 
knowledge sharing.",
sabic,2020,20,supply chain,Social,Social,"This supply chain demonstration came as part of a pilot 
study being conducted by the Institute of Energy Economics, Japan, and 
Saudi Aramco in partnership with SABIC.",
saudi-aramco,2023,15,supply chain,Social,Social,"The objectives are two-fold: to localize the Company’s 
supply chain, and promote national champions.",
sohar-international-bank,2023,27,financial literacy,Social,Social,"This included initiatives aimed at financial literacy, environmental 
conservation, and supporting local businesses, reflecting the bank's dedication to the sustainable development of the communities 
it serves.",
the-saudi-national-bank,2025,10,customer satisfaction,Social,Social,"These efforts have had tangible results, in the form of continued 
improvement in turnaround times, faster approvals, greater 
customer satisfaction, and gains in operational efficiency.",
