# Verity ESG leaderboard  |  taxonomy=4948c00426fa70118328478fe6e1d782c981cb65024378fe11af6a561faef340  |  generated=2026-10-02T18:27:05+00:00  |  coverage=43/60 active institutions  |  NOT YET validated against external ratings (MSCI/Sustainalytics/LSEG) — scores are RECALL AT THIS TAXONOMY VERSION ONLY, not benchmarked.
institution_slug,institution_name,sector,years_covered_count,years_covered,mean_composite,overall_rank,within_sector_rank,data_quality_flag
zain-mobile-telecommunications-company,Zain (Mobile Telecommunications Company),non-financial,1,1 (2024),8.053,1,1,
qnb-qatar-national-bank,QNB (Qatar National Bank),financial,5,"5 (2020, 2022, 2023, 2024, 2025)",5.756,2,1,
first-abu-dhabi-bank,First Abu Dhabi Bank,financial,5,"5 (2020, 2021, 2023, 2024, 2025)",5.238,3,2,
jarir-marketing-co,Jarir Marketing Co,non-financial,1,1 (2025),5.112,4,2,
advanced-petrochemical,Advanced Petrochemical,non-financial,1,1 (2024),5.031,5,3,
national-bank-of-bahrain,National Bank of Bahrain,financial,3,"3 (2021, 2024, 2025)",5.026,6,3,
baladna,Baladna,non-financial,3,"3 (2022, 2023, 2025)",4.682,7,4,
sabic,Saudi Basic Industries Corporation SABIC,non-financial,3,"3 (2020, 2022, 2025)",4.672,8,5,
emirates-nbd-pjsc,Emirates NBD PJSC,financial,4,"4 (2021, 2023, 2024, 2025)",4.657,9,4,
abu-dhabi-commercial-bank,Abu Dhabi Commercial Bank,financial,3,"3 (2021, 2024, 2025)",4.619,10,5,
emaar-properties,Emaar Properties,non-financial,6,"6 (2020, 2021, 2022, 2023, 2024, 2025)",4.167,11,6,
national-bank-of-kuwait,National Bank of Kuwait,financial,4,"4 (2022, 2023, 2024, 2025)",4.016,12,6,
abdullah-al-othaim-markets,Abdullah Al Othaim Markets,non-financial,2,"2 (2022, 2023)",4.005,13,7,
qatar-gas-transport-co-nakilat,Qatar Gas Transport Co (Nakilat),non-financial,4,"4 (2021, 2022, 2024, 2025)",3.922,14,8,
maaden,Maaden,non-financial,2,"2 (2022, 2025)",3.88,15,9,
al-rajhi-bank,Al Rajhi Bank,financial,5,"5 (2020, 2021, 2022, 2023, 2025)",3.85,16,7,
dar-al-arkan-real-estate-development-company,Dar Al Arkan Real Estate Development Company,non-financial,1,1 (2024),3.652,17,10,
ooredoo-q-p-s-c,Ooredoo Q.P.S.C.,non-financial,5,"5 (2021, 2022, 2023, 2024, 2025)",3.442,18,11,
abu-dhabi-national-energy-company,Abu Dhabi National Energy Company,non-financial,5,"5 (2020, 2022, 2023, 2024, 2025)",3.385,19,12,
abu-dhabi-national-oil-company-for-distribution,Abu Dhabi National Oil Company For Distribution,non-financial,5,"5 (2020, 2021, 2022, 2023, 2024)",3.258,20,13,
alinma-bank,Alinma Bank,financial,5,"5 (2021, 2022, 2023, 2024, 2025)",3.246,21,8,
kuwait-finance-house,Kuwait Finance House,financial,3,"3 (2022, 2024, 2025)",2.808,22,9,
emirates-telecom-etisalat-group,Emirates Telecom (Etisalat Group),non-financial,4,"4 (2020, 2021, 2022, 2023)",2.626,23,14,
almarai,Almarai,non-financial,5,"5 (2020, 2021, 2022, 2024, 2025)",2.603,24,15,
the-national-bank-of-ras-al-khaimah,The National Bank of Ras Al Khaimah,financial,1,1 (2021),2.413,25,10,
qatar-fuel-company-woqod,Qatar Fuel Company (WOQOD),non-financial,4,"4 (2021, 2022, 2024, 2025)",2.373,26,16,
aluminium-bahrain-alba,Aluminium Bahrain (Alba),non-financial,5,"5 (2020, 2021, 2022, 2024, 2025)",2.364,27,17,
the-saudi-national-bank,The Saudi National Bank,financial,1,1 (2025),2.207,28,11,
bank-muscat-bkmb,Bank Muscat BKMB,financial,1,1 (2025),2.035,29,12,
saudi-aramco,Saudi Aramco,non-financial,1,1 (2023),1.881,30,18,
oman-telecommunications-company-otel,Oman Telecommunications Company OTEL,non-financial,2,"2 (2020, 2025)",1.644,31,19,
sohar-international-bank,Sohar International Bank,financial,2,"2 (2022, 2023)",1.444,32,13,
national-industrialization-co,National Industrialization Co,non-financial,1,1 (2022),1.343,33,20,
bahrain-telecommunications-beyon,Bahrain Telecommunications BEYON,non-financial,5,"5 (2020, 2021, 2022, 2023, 2024)",1.326,34,21,
saudi-industrial-investment-group,Saudi Industrial Investment Group,financial,3,"3 (2022, 2024, 2025)",1.21,35,14,
bank-albilad,Bank Albilad,financial,1,1 (2024),1.045,36,15,
savola-group,Savola Group,non-financial,2,"2 (2023, 2024)",0.944,37,22,
industries-qatar,Industries Qatar,non-financial,6,"6 (2020, 2021, 2022, 2023, 2024, 2025)",0.906,38,23,
dubai-investment,Dubai Investments PJSC,financial,1,1 (2022),0.879,39,16,
aldar-properties-pjsc,Aldar Properties PJSC,non-financial,1,1 (2024),0.864,40,24,
gulf-international-services,Gulf International Services,non-financial,4,"4 (2021, 2022, 2023, 2024)",0.733,41,25,
dubai-islamic-bank,Dubai Islamic Bank,financial,2,"2 (2022, 2023)",0.418,42,17,
rabigh-refining-petrochemical-co,Rabigh Refining & Petrochemical Co.,non-financial,1,1 (2020),0.048,43,26,sentence_segmentation_artifact
