# Verity sensitivity analysis  |  taxonomy=4948c00426fa70118328478fe6e1d782c981cb65024378fe11af6a561faef340  |  generated=2026-10-03T10:51:42+00:00  |  n_institutions=42 (43 scored - rabigh-refining-petrochemical-co artifact)  |  within-sector only
slug,sector,years_covered,baseline_rank,jitter_median_rank,jitter_p5_rank,jitter_p95_rank,jitter_interval_width,equal_weights_rank,toc_off_rank,repeat_off_rank,all_mode_rank,flag_single_year_high_volatility
abdullah-al-othaim-markets,non-financial,2,7,7,6,8,2,7,7,7,6,
abu-dhabi-commercial-bank,financial,3,5,5,4,5,1,5,5,6,5,
abu-dhabi-national-energy-company,non-financial,5,12,12,11,12,1,11,12,12,12,
abu-dhabi-national-oil-company-for-distribution,non-financial,5,13,13,13,13,0,13,13,13,13,
advanced-petrochemical,non-financial,1,3,3,2,4,2,3,3,3,3,
al-rajhi-bank,financial,5,7,7,7,7,0,7,7,2,7,
aldar-properties-pjsc,non-financial,1,24,23,23,24,1,23,24,24,24,
alinma-bank,financial,5,8,8,8,8,0,8,8,8,8,
almarai,non-financial,5,15,15,14,15,1,15,15,14,14,
aluminium-bahrain-alba,non-financial,5,17,17,16,17,1,16,17,17,17,
bahrain-telecommunications-beyon,non-financial,5,21,21,20,21,1,21,21,20,20,
baladna,non-financial,3,4,4,3,5,2,5,4,4,4,
bank-albilad,financial,1,15,15,15,15,0,15,15,15,15,
bank-muscat-bkmb,financial,1,12,12,12,12,0,12,12,12,12,
dar-al-arkan-real-estate-development-company,non-financial,1,10,10,10,10,0,10,10,11,9,
dubai-investment,financial,1,16,17,17,17,0,17,16,16,16,
dubai-islamic-bank,financial,2,17,16,16,16,0,16,17,17,17,
emaar-properties,non-financial,6,6,6,6,8,2,6,6,6,7,
emirates-nbd-pjsc,financial,4,4,4,4,5,1,4,4,5,4,
emirates-telecom-etisalat-group,non-financial,4,14,14,14,15,1,14,14,15,15,
first-abu-dhabi-bank,financial,5,2,2,2,3,1,2,2,4,2,
gulf-international-services,non-financial,4,25,25,25,25,0,25,25,25,25,
industries-qatar,non-financial,6,23,24,23,24,1,24,23,23,22,
jarir-marketing-co,non-financial,1,2,2,2,4,2,2,2,2,2,
kuwait-finance-house,financial,3,9,9,9,9,0,9,9,9,9,
maaden,non-financial,2,9,9,7,9,2,9,9,10,10,
national-bank-of-bahrain,financial,3,3,3,2,3,1,3,3,3,3,
national-bank-of-kuwait,financial,4,6,6,6,6,0,6,6,7,6,
national-industrialization-co,non-financial,1,20,20,20,21,1,20,20,21,21,
oman-telecommunications-company-otel,non-financial,2,19,19,19,19,0,19,19,18,19,
ooredoo-q-p-s-c,non-financial,5,11,11,11,12,1,12,11,9,11,
qatar-fuel-company-woqod,non-financial,4,16,16,16,17,1,17,16,16,16,
qatar-gas-transport-co-nakilat,non-financial,4,8,8,7,9,2,8,8,8,8,
qnb-qatar-national-bank,financial,5,1,1,1,1,0,1,1,1,1,
sabic,non-financial,3,5,5,4,5,1,4,5,5,5,
saudi-aramco,non-financial,1,18,18,18,18,0,18,18,19,18,
saudi-industrial-investment-group,financial,3,14,14,14,14,0,14,14,14,14,
savola-group,non-financial,2,22,22,22,22,0,22,22,22,23,
sohar-international-bank,financial,2,13,13,13,13,0,13,13,13,13,
the-national-bank-of-ras-al-khaimah,financial,1,10,10,10,10,0,10,10,10,10,
the-saudi-national-bank,financial,1,11,11,11,11,0,11,11,11,11,
zain-mobile-telecommunications-company,non-financial,1,1,1,1,1,0,1,1,1,1,
